"","x"
"1","AAACATACAACCAC-1"
"2","AAACATTGAGCTAC-1"
"3","AAACATTGATCAGC-1"
"4","AAACCGTGCTTCCG-1"
"5","AAACCGTGTATGCG-1"
"6","AAACGCACTGGTAC-1"
"7","AAACGCTGACCAGT-1"
"8","AAACGCTGGTTCTT-1"
"9","AAACGCTGTAGCCA-1"
"10","AAACGCTGTTTCTG-1"
"11","AAACTTGAAAAACG-1"
"12","AAACTTGATCCAGA-1"
"13","AAAGAGACGAGATA-1"
"14","AAAGAGACGCGAGA-1"
"15","AAAGAGACGGACTT-1"
"16","AAAGAGACGGCATT-1"
"17","AAAGCAGATATCGG-1"
"18","AAAGCCTGTATGCG-1"
"19","AAAGGCCTGTCTAG-1"
"20","AAAGTTTGATCACG-1"
"21","AAAGTTTGGGGTGA-1"
"22","AAAGTTTGTAGAGA-1"
"23","AAAGTTTGTAGCGT-1"
"24","AAATCAACAATGCC-1"
"25","AAATCAACACCAGT-1"
"26","AAATCAACCAGGAG-1"
"27","AAATCAACCCTATT-1"
"28","AAATCAACGGAAGC-1"
"29","AAATCAACTCGCAA-1"
"30","AAATCATGACCACA-1"
"31","AAATCCCTCCACAA-1"
"32","AAATCCCTGCTATG-1"
"33","AAATGTTGAACGAA-1"
"34","AAATGTTGCCACAA-1"
"35","AAATGTTGTGGCAT-1"
"36","AAATTCGAAGGTTC-1"
"37","AAATTCGAATCACG-1"
"38","AAATTCGAGCTGAT-1"
"39","AAATTCGAGGAGTG-1"
"40","AAATTCGATTCTCA-1"
"41","AAATTGACACGACT-1"
"42","AAATTGACTCGCTC-1"
"43","AACAAACTCATTTC-1"
"44","AACAAACTTTCGTT-1"
"45","AACAATACGACGAG-1"
"46","AACACGTGCAGAGG-1"
"47","AACACGTGGAAAGT-1"
"48","AACACGTGGAACCT-1"
"49","AACACGTGGCTACA-1"
"50","AACACGTGTACGAC-1"
"51","AACAGCACAAGAGT-1"
"52","AACATTGATGGGAG-1"
"53","AACCAGTGATACCG-1"
"54","AACCCAGATCGCTC-1"
"55","AACCGATGCTCCCA-1"
"56","AACCGATGGTCATG-1"
"57","AACCGATGTTCTAC-1"
"58","AACCGCCTAGCGTT-1"
"59","AACCGCCTCTACGA-1"
"60","AACCTACTGTGAGG-1"
"61","AACCTACTGTGTTG-1"
"62","AACCTTACGAGACG-1"
"63","AACCTTACGCGAGA-1"
"64","AACCTTACTAACGC-1"
"65","AACCTTTGGACGGA-1"
"66","AACCTTTGTACGCA-1"
"67","AACGCAACAAGTAG-1"
"68","AACGCATGACCCAA-1"
"69","AACGCATGCCTTCG-1"
"70","AACGCATGTACTTC-1"
"71","AACGCCCTCGGGAA-1"
"72","AACGCCCTCGTACA-1"
"73","AACGCCCTGGCATT-1"
"74","AACGTCGAGTATCG-1"
"75","AACGTGTGAAAGCA-1"
"76","AACGTGTGGCGGAA-1"
"77","AACGTGTGTCCAAG-1"
"78","AACGTGTGTGCTTT-1"
"79","AACTACCTTAGAGA-1"
"80","AACTCACTCAAGCT-1"
"81","AACTCACTTGGAGG-1"
"82","AACTCGGAAAGTGA-1"
"83","AACTCGGAAGGTCT-1"
"84","AACTCTTGCAGGAG-1"
"85","AACTGTCTCCCTTG-1"
"86","AACTTGCTACGCTA-1"
"87","AACTTGCTGGGACA-1"
"88","AAGAACGAGTGTTG-1"
"89","AAGAAGACGTAGGG-1"
"90","AAGACAGAAGTCTG-1"
"91","AAGACAGAGGATCT-1"
"92","AAGACAGATTACCT-1"
"93","AAGAGATGGGTAGG-1"
"94","AAGATGGAAAACAG-1"
"95","AAGATGGAGAACTC-1"
"96","AAGATGGAGATAAG-1"
"97","AAGATTACAACCTG-1"
"98","AAGATTACAGATCC-1"
"99","AAGATTACCCGTTC-1"
"100","AAGATTACCGCCTT-1"
"101","AAGATTACCTCAAG-1"
"102","AAGATTACTCCTCG-1"
"103","AAGCAAGAGCGAGA-1"
"104","AAGCAAGAGCTTAG-1"
"105","AAGCAAGAGGTGTT-1"
"106","AAGCACTGAGCAAA-1"
"107","AAGCACTGCATACG-1"
"108","AAGCACTGGTTCTT-1"
"109","AAGCCAACGTGTTG-1"
"110","AAGCCATGAACTGC-1"
"111","AAGCCATGACACGT-1"
"112","AAGCCATGCGTGAT-1"
"113","AAGCCATGTCTCGC-1"
"114","AAGCCTGACATGCA-1"
"115","AAGCCTGACCGAAT-1"
"116","AAGCGACTCCTCAC-1"
"117","AAGCGACTGTGTCA-1"
"118","AAGCGACTTACAGC-1"
"119","AAGCGACTTTGACG-1"
"120","AAGCGTACGTCTTT-1"
"121","AAGGCTTGCGAACT-1"
"122","AAGGTCACGGTTAC-1"
"123","AAGGTCACTGTTTC-1"
"124","AAGGTCACTTCCCG-1"
"125","AAGGTCTGACAGTC-1"
"126","AAGGTCTGCAGATC-1"
"127","AAGTAACTCTGAAC-1"
"128","AAGTAACTGAGATA-1"
"129","AAGTAGGATACAGC-1"
"130","AAGTATACCGAACT-1"
"131","AAGTCCGACTTGTT-1"
"132","AAGTCCGATAGAAG-1"
"133","AAGTCTCTAGTCGT-1"
"134","AAGTCTCTCGGAGA-1"
"135","AAGTGGCTTGGAGG-1"
"136","AAGTTCCTCATTCT-1"
"137","AAGTTCCTTCTTAC-1"
"138","AATAAGCTCGAATC-1"
"139","AATAAGCTCGTTGA-1"
"140","AATACCCTGGACGA-1"
"141","AATACCCTGGCATT-1"
"142","AATACTGAAAGGGC-1"
"143","AATACTGAATTGGC-1"
"144","AATAGGGAACCCTC-1"
"145","AATAGGGAGAATGA-1"
"146","AATCAAACTATCGG-1"
"147","AATCCGGAATGCTG-1"
"148","AATCCTACCGGTAT-1"
"149","AATCCTTGACGGGA-1"
"150","AATCCTTGGTGAGG-1"
"151","AATCGGTGGAACTC-1"
"152","AATCGGTGTGCTTT-1"
"153","AATCTAGAAAAGTG-1"
"154","AATCTAGAATCGGT-1"
"155","AATCTCACAGCCTA-1"
"156","AATCTCACTCTAGG-1"
"157","AATCTCTGAACAGA-1"
"158","AATCTCTGCTTTAC-1"
"159","AATGATACACCAAC-1"
"160","AATGATACGGTCAT-1"
"161","AATGCGTGACACCA-1"
"162","AATGCGTGGACGGA-1"
"163","AATGCGTGGCTATG-1"
"164","AATGGAGAATCGTG-1"
"165","AATGGAGATCCTTA-1"
"166","AATGGCTGACACCA-1"
"167","AATGGCTGCGTGAT-1"
"168","AATGGCTGTAAAGG-1"
"169","AATGGCTGTACTCT-1"
"170","AATGGCTGTGAAGA-1"
"171","AATGTAACGGTGGA-1"
"172","AATGTCCTCTTCTA-1"
"173","AATGTTGACAGTCA-1"
"174","AATGTTGAGTTGAC-1"
"175","AATGTTGATCTACT-1"
"176","AATTACGAATTCCT-1"
"177","AATTACGACTTCTA-1"
"178","AATTACGAGTGAGG-1"
"179","AATTACGATTGGCA-1"
"180","AATTCCTGCTCAGA-1"
"181","AATTGATGTCGCAA-1"
"182","AATTGTGACTTGGA-1"
"183","ACAAAGGAGGGTGA-1"
"184","ACAAATTGATTCTC-1"
"185","ACAAATTGCTCAGA-1"
"186","ACAAATTGTTGCGA-1"
"187","ACAACCGAGGGATG-1"
"188","ACAACCGAGTTACG-1"
"189","ACAAGAGAAGTCGT-1"
"190","ACAAGAGACTTATC-1"
"191","ACAAGAGAGTTGAC-1"
"192","ACAATCCTAACCGT-1"
"193","ACAATCCTTAGCGT-1"
"194","ACAATTGACTGACA-1"
"195","ACAATTGATGACTG-1"
"196","ACACAGACCATACG-1"
"197","ACACCAGAGGGCAA-1"
"198","ACACCCTGGTGTTG-1"
"199","ACACGAACAGTTCG-1"
"200","ACACGATGACGCAT-1"
"201","ACACGATGATGTGC-1"
"202","ACACGATGTCGTAG-1"
"203","ACACGATGTGGTCA-1"
"204","ACAGACACGGCATT-1"
"205","ACAGACACGTTGTG-1"
"206","ACAGCAACACCTAG-1"
"207","ACAGCAACCTCAAG-1"
"208","ACAGGTACCCCACT-1"
"209","ACAGGTACGCTGTA-1"
"210","ACAGGTACTGGTGT-1"
"211","ACAGTCGACCCAAA-1"
"212","ACAGTCGACCGATA-1"
"213","ACAGTGACTCACCC-1"
"214","ACAGTGACTCTATC-1"
"215","ACAGTGTGGTCACA-1"
"216","ACAGTGTGTTGCGA-1"
"217","ACATCACTCTACTT-1"
"218","ACATGGTGAAGCCT-1"
"219","ACATGGTGCAACCA-1"
"220","ACATGGTGCGAGTT-1"
"221","ACATTCTGGCATAC-1"
"222","ACATTCTGGGAACG-1"
"223","ACCAACGACATGCA-1"
"224","ACCACAGAAAGTAG-1"
"225","ACCACAGAGTTGGT-1"
"226","ACCACCTGTGTGCA-1"
"227","ACCACGCTACAGCT-1"
"228","ACCACGCTACCCAA-1"
"229","ACCACGCTGCGAGA-1"
"230","ACCACGCTGCTGTA-1"
"231","ACCAGCCTGACAGG-1"
"232","ACCAGTGAACGGTT-1"
"233","ACCAGTGAATACCG-1"
"234","ACCAGTGAGGGATG-1"
"235","ACCAGTGATGACTG-1"
"236","ACCATTACCTTCTA-1"
"237","ACCATTACGAGATA-1"
"238","ACCATTTGTCATTC-1"
"239","ACCCAAGAACTGTG-1"
"240","ACCCAAGAATTCCT-1"
"241","ACCCAAGAGGACAG-1"
"242","ACCCAAGATTCACT-1"
"243","ACCCACTGCGCCTT-1"
"244","ACCCACTGGACAGG-1"
"245","ACCCACTGGTTCAG-1"
"246","ACCCACTGTCGTAG-1"
"247","ACCCAGCTCAGAAA-1"
"248","ACCCAGCTGTTAGC-1"
"249","ACCCAGCTTGCTTT-1"
"250","ACCCGTTGATGACC-1"
"251","ACCCGTTGCTGCAA-1"
"252","ACCCGTTGCTTCTA-1"
"253","ACCCTCGACCTATT-1"
"254","ACCCTCGACGGTAT-1"
"255","ACCCTCGATAAGGA-1"
"256","ACCCTCGATCAAGC-1"
"257","ACCGTGCTACCAGT-1"
"258","ACCGTGCTGGAACG-1"
"259","ACCTATTGCTGAGT-1"
"260","ACCTATTGTGCCCT-1"
"261","ACCTCCGAGTCCTC-1"
"262","ACCTCCGATATGCG-1"
"263","ACCTCCGATGCTGA-1"
"264","ACCTCGTGAACCAC-1"
"265","ACCTGAGATATCGG-1"
"266","ACCTGGCTAAGTAG-1"
"267","ACCTTTGACTCCCA-1"
"268","ACCTTTGAGGAACG-1"
"269","ACCTTTGAGGAAGC-1"
"270","ACGAACACCTTGTT-1"
"271","ACGAACTGGCTATG-1"
"272","ACGAAGCTCTCCAC-1"
"273","ACGAAGCTCTGAGT-1"
"274","ACGACCCTATCTCT-1"
"275","ACGACCCTGATGAA-1"
"276","ACGACCCTTGACAC-1"
"277","ACGACCCTTGACCA-1"
"278","ACGAGGGACAGGAG-1"
"279","ACGAGGGACGAACT-1"
"280","ACGAGGGATGTAGC-1"
"281","ACGAGTACCCTAAG-1"
"282","ACGAGTACGAATCC-1"
"283","ACGATCGAGGACTT-1"
"284","ACGATCGAGTCACA-1"
"285","ACGATGACAATGCC-1"
"286","ACGATGACTGGTCA-1"
"287","ACGATTCTACGGGA-1"
"288","ACGCAATGGTTCAG-1"
"289","ACGCACCTGTTAGC-1"
"290","ACGCCACTGAACTC-1"
"291","ACGCCGGAAACCAC-1"
"292","ACGCCGGAAAGCCT-1"
"293","ACGCCGGAAATGCC-1"
"294","ACGCCTTGCTCCCA-1"
"295","ACGCGGTGGCGAGA-1"
"296","ACGCGGTGTGTGGT-1"
"297","ACGCGGTGTTTGCT-1"
"298","ACGCTCACAGTACC-1"
"299","ACGCTCACCCTTGC-1"
"300","ACGCTGCTGTTCTT-1"
"301","ACGGAACTCAGATC-1"
"302","ACGGAACTGTCGTA-1"
"303","ACGGAGGACTCTTA-1"
"304","ACGGATTGGGAGGT-1"
"305","ACGGATTGGTTAGC-1"
"306","ACGGCTCTGAGCAG-1"
"307","ACGGCTCTTGCACA-1"
"308","ACGGTAACCGCTAA-1"
"309","ACGGTAACCTTCGC-1"
"310","ACGGTAACGGTGGA-1"
"311","ACGGTAACTCGCAA-1"
"312","ACGGTATGAGTCGT-1"
"313","ACGGTATGGGTATC-1"
"314","ACGGTATGGTTGTG-1"
"315","ACGGTCCTAACGGG-1"
"316","ACGGTCCTCGGGAA-1"
"317","ACGTAGACAACCAC-1"
"318","ACGTAGACTACAGC-1"
"319","ACGTCAGAAACGAA-1"
"320","ACGTCAGAGAGCTT-1"
"321","ACGTCAGAGGGATG-1"
"322","ACGTCCTGATAAGG-1"
"323","ACGTCCTGTGAACC-1"
"324","ACGTCGCTCCTGAA-1"
"325","ACGTCGCTCTATTC-1"
"326","ACGTCGCTTCTCAT-1"
"327","ACGTGATGCCATGA-1"
"328","ACGTGATGGGTCTA-1"
"329","ACGTGATGTAACCG-1"
"330","ACGTGATGTGACAC-1"
"331","ACGTGCCTCCGTAA-1"
"332","ACGTGCCTTCTATC-1"
"333","ACGTTACTTTCCAT-1"
"334","ACGTTGGAAAAGCA-1"
"335","ACGTTGGAAACCTG-1"
"336","ACGTTGGACCGTAA-1"
"337","ACGTTGGAGCCAAT-1"
"338","ACGTTGGATATGGC-1"
"339","ACGTTGGATCAGGT-1"
"340","ACGTTTACATCAGC-1"
"341","ACTAAAACCCACAA-1"
"342","ACTAAAACTCGACA-1"
"343","ACTACGGAATTTCC-1"
"344","ACTACGGACCTATT-1"
"345","ACTACGGATCGCTC-1"
"346","ACTACTACTAAGGA-1"
"347","ACTAGGTGGAACCT-1"
"348","ACTAGGTGGAACTC-1"
"349","ACTATCACCTTGGA-1"
"350","ACTATCACTGCCAA-1"
"351","ACTCAGGACTGAAC-1"
"352","ACTCAGGATCTATC-1"
"353","ACTCAGGATTCGTT-1"
"354","ACTCCTCTCAACTG-1"
"355","ACTCGCACGAAAGT-1"
"356","ACTCGCACTACGAC-1"
"357","ACTCTCCTGACACT-1"
"358","ACTCTCCTGCATAC-1"
"359","ACTCTCCTGTTTGG-1"
"360","ACTGAGACAACCAC-1"
"361","ACTGAGACCCATAG-1"
"362","ACTGAGACGTTGGT-1"
"363","ACTGCCACACACGT-1"
"364","ACTGCCACTCCGTC-1"
"365","ACTGGCCTTCAGTG-1"
"366","ACTGTGGACGTGTA-1"
"367","ACTGTGGATCTAGG-1"
"368","ACTGTTACCCACAA-1"
"369","ACTGTTACTGCAGT-1"
"370","ACTTAAGAACCACA-1"
"371","ACTTAAGATTACTC-1"
"372","ACTTAGCTGCGTAT-1"
"373","ACTTAGCTGGGAGT-1"
"374","ACTTCAACAAGCAA-1"
"375","ACTTCAACGTAGGG-1"
"376","ACTTCCCTTTCCGC-1"
"377","ACTTCTGACATGCA-1"
"378","ACTTGACTCCACAA-1"
"379","ACTTGGGAGAAAGT-1"
"380","ACTTGGGAGGTTTG-1"
"381","ACTTGGGATGTGAC-1"
"382","ACTTGGGATTGACG-1"
"383","ACTTGTACCTGTCC-1"
"384","ACTTTGTGGAAAGT-1"
"385","ACTTTGTGGATAGA-1"
"386","AGAAACGAAAGTAG-1"
"387","AGAAAGTGCGCAAT-1"
"388","AGAAAGTGGGGATG-1"
"389","AGAACAGAAATGCC-1"
"390","AGAACAGACGACTA-1"
"391","AGAACAGAGACAAA-1"
"392","AGAACGCTTTGCTT-1"
"393","AGAAGATGTGACTG-1"
"394","AGAATGGAAGAAGT-1"
"395","AGAATTTGTAACCG-1"
"396","AGAATTTGTAGAGA-1"
"397","AGACACACTGTAGC-1"
"398","AGACACTGTCAAGC-1"
"399","AGACCTGAAGTAGA-1"
"400","AGACCTGACCAACA-1"
"401","AGACCTGAGGAAGC-1"
"402","AGACGTACAGAGGC-1"
"403","AGACGTACCCCTAC-1"
"404","AGACGTACCTCTTA-1"
"405","AGACGTACTCGTGA-1"
"406","AGACTGACCATCAG-1"
"407","AGACTGACCCTTTA-1"
"408","AGACTTCTCATGCA-1"
"409","AGAGATGACAGTCA-1"
"410","AGAGATGACTGAAC-1"
"411","AGAGATGAGGTTTG-1"
"412","AGAGATGATCTCGC-1"
"413","AGAGATGATTGTGG-1"
"414","AGAGCGGAGGCAAG-1"
"415","AGAGTCTGGTCGTA-1"
"416","AGAGTGCTCAGCTA-1"
"417","AGAGTGCTCGAATC-1"
"418","AGAGTGCTGTCATG-1"
"419","AGAGTGCTGTCCTC-1"
"420","AGAGTGCTGTGTTG-1"
"421","AGATATACCCGTAA-1"
"422","AGATATACGATGAA-1"
"423","AGATATACTGTTCT-1"
"424","AGATATTGCCTACC-1"
"425","AGATATTGGCCAAT-1"
"426","AGATCGTGTCTGGA-1"
"427","AGATCGTGTTTGTC-1"
"428","AGATCTCTATCACG-1"
"429","AGATTAACGTTCTT-1"
"430","AGATTCCTATCGTG-1"
"431","AGATTCCTCACTTT-1"
"432","AGATTCCTGACGAG-1"
"433","AGATTCCTGTTCAG-1"
"434","AGCAAAGATATGCG-1"
"435","AGCACAACAGTCTG-1"
"436","AGCACTGAGGGAGT-1"
"437","AGCACTGATATGCG-1"
"438","AGCACTGATGCTTT-1"
"439","AGCACTGATTGCGA-1"
"440","AGCATCGAAGATCC-1"
"441","AGCATCGAAGGGTG-1"
"442","AGCATCGAGCTTCC-1"
"443","AGCATCGAGTGAGG-1"
"444","AGCATCGATAACCG-1"
"445","AGCATGACGATGAA-1"
"446","AGCCAATGGGGAGT-1"
"447","AGCCAATGTATCTC-1"
"448","AGCCACCTGGATCT-1"
"449","AGCCGGTGCCAATG-1"
"450","AGCCGGTGTGTTTC-1"
"451","AGCCGTCTCAATCG-1"
"452","AGCCGTCTGAGAGC-1"
"453","AGCCTCACGTTCGA-1"
"454","AGCCTCACTGTCAG-1"
"455","AGCCTCTGCAGTTG-1"
"456","AGCCTCTGCCAATG-1"
"457","AGCGAACTGGATCT-1"
"458","AGCGAACTTACTGG-1"
"459","AGCGATACGGAGCA-1"
"460","AGCGATTGAGATCC-1"
"461","AGCGCCGAATCTCT-1"
"462","AGCGCCGACAGAGG-1"
"463","AGCGCTCTACCTTT-1"
"464","AGCGGCACCGGGAA-1"
"465","AGCGGCTGATGTGC-1"
"466","AGCGGGCTTGCCAA-1"
"467","AGCGTAACATGCTG-1"
"468","AGCGTAACTGAGAA-1"
"469","AGCTCGCTACTGGT-1"
"470","AGCTCGCTCTGCTC-1"
"471","AGCTGAACCATACG-1"
"472","AGCTGAACCTCTCG-1"
"473","AGCTGCCTTGGGAG-1"
"474","AGCTGCCTTTCATC-1"
"475","AGCTGCCTTTCTGT-1"
"476","AGCTGTGATCCAAG-1"
"477","AGCTTTACAAGTAG-1"
"478","AGCTTTACACCAAC-1"
"479","AGCTTTACTCTCAT-1"
"480","AGGAAATGAGGAGC-1"
"481","AGGAACCTCTTAGG-1"
"482","AGGAACCTTGCCTC-1"
"483","AGGAATGATAACGC-1"
"484","AGGAATGATTTGTC-1"
"485","AGGAGTCTGGTTTG-1"
"486","AGGAGTCTTGTCAG-1"
"487","AGGATAGACATTTC-1"
"488","AGGATAGAGGATTC-1"
"489","AGGATGCTACTAGC-1"
"490","AGGATGCTTTAGGC-1"
"491","AGGCAACTGAAGGC-1"
"492","AGGCAGGAGTACCA-1"
"493","AGGCCTCTAGTCGT-1"
"494","AGGCCTCTCGGAGA-1"
"495","AGGCCTCTCGTAAC-1"
"496","AGGGACGACGTTGA-1"
"497","AGGGACGAGTCAAC-1"
"498","AGGGACGAGTTGTG-1"
"499","AGGGACGATAGAGA-1"
"500","AGGGACGATGCATG-1"
"501","AGGGAGTGAGCCTA-1"
"502","AGGGCCACCATACG-1"
"503","AGGGCGCTAACCAC-1"
"504","AGGGCGCTATGGTC-1"
"505","AGGGTGGACAGTCA-1"
"506","AGGGTGGACTCAAG-1"
"507","AGGGTGGAGTTGCA-1"
"508","AGGGTTTGTTCATC-1"
"509","AGGTCATGAGTGTC-1"
"510","AGGTCATGCTTATC-1"
"511","AGGTCTGATTCTCA-1"
"512","AGGTGGGAAGAATG-1"
"513","AGGTGGGAAGTTCG-1"
"514","AGGTGTTGGTTACG-1"
"515","AGGTTCGAACCTCC-1"
"516","AGGTTCGAACGTAC-1"
"517","AGGTTCGAGGGTGA-1"
"518","AGTAAGGAGTTTGG-1"
"519","AGTAAGGATTCTTG-1"
"520","AGTAATACATCACG-1"
"521","AGTAATACCGAACT-1"
"522","AGTAATTGTCCCAC-1"
"523","AGTACGTGAGGGTG-1"
"524","AGTACGTGCTGCAA-1"
"525","AGTACGTGCTTGGA-1"
"526","AGTACTCTACGTGT-1"
"527","AGTACTCTCAACCA-1"
"528","AGTACTCTCGGTAT-1"
"529","AGTAGGCTTGCCTC-1"
"530","AGTATAACTTGTCT-1"
"531","AGTATCCTAGAACA-1"
"532","AGTCACGATGAGCT-1"
"533","AGTCAGACGAATAG-1"
"534","AGTCAGACGCTTAG-1"
"535","AGTCAGACTAGAGA-1"
"536","AGTCAGACTGCACA-1"
"537","AGTCCAGATATCTC-1"
"538","AGTCCAGATTTCAC-1"
"539","AGTCGAACCAACCA-1"
"540","AGTCGCCTCCGTAA-1"
"541","AGTCTACTAGGGTG-1"
"542","AGTCTACTTGCATG-1"
"543","AGTCTTACACCACA-1"
"544","AGTCTTACTTCGCC-1"
"545","AGTCTTACTTCGGA-1"
"546","AGTGACTGCAACTG-1"
"547","AGTGTTCTAACCTG-1"
"548","AGTGTTCTATAAGG-1"
"549","AGTGTTCTCACTTT-1"
"550","AGTTAAACCACTTT-1"
"551","AGTTATGAACAGTC-1"
"552","AGTTATGACTGAGT-1"
"553","AGTTATGAGTTCAG-1"
"554","AGTTCTACCAGCTA-1"
"555","AGTTCTTGAAGCCT-1"
"556","AGTTGTCTACTACG-1"
"557","AGTTTAGATGGTCA-1"
"558","AGTTTCACGGTCTA-1"
"559","AGTTTGCTACAGTC-1"
"560","AGTTTGCTACTGGT-1"
"561","AGTTTGCTCCAAGT-1"
"562","ATAAACACAGTGCT-1"
"563","ATAAACACCACCAA-1"
"564","ATAACAACATGCTG-1"
"565","ATAACAACGTCTAG-1"
"566","ATAACAACTTTGTC-1"
"567","ATAACATGTACTCT-1"
"568","ATAACCCTGTTGGT-1"
"569","ATAACCCTTGGTAC-1"
"570","ATAAGTACGAATGA-1"
"571","ATAAGTTGGTACGT-1"
"572","ATAAGTTGTCTAGG-1"
"573","ATAATCGAGCTGAT-1"
"574","ATAATCGATGGTTG-1"
"575","ATAATGACCTACTT-1"
"576","ATAATGACTCGTGA-1"
"577","ATACAATGTTAGGC-1"
"578","ATACCACTCGTACA-1"
"579","ATACCACTCTAAGC-1"
"580","ATACCACTGCCAAT-1"
"581","ATACCGGAATGCTG-1"
"582","ATACCGGACATTTC-1"
"583","ATACCGGACTTCGC-1"
"584","ATACCGGAGGTGTT-1"
"585","ATACCGGATCTCGC-1"
"586","ATACCTACGCATCA-1"
"587","ATACCTTGGGGCAA-1"
"588","ATACGGACAGACTC-1"
"589","ATACGGACCTACTT-1"
"590","ATACGGACGAGGTG-1"
"591","ATACGGACTATGCG-1"
"592","ATACGGACTCTGGA-1"
"593","ATACGTCTTAACGC-1"
"594","ATACTCTGCTTCGC-1"
"595","ATACTCTGGTATGC-1"
"596","ATAGATACCATGGT-1"
"597","ATAGATACGACGAG-1"
"598","ATAGATTGGTGTAC-1"
"599","ATAGCCGAACGGAG-1"
"600","ATAGCGTGCAGATC-1"
"601","ATAGCGTGCCCTTG-1"
"602","ATAGCGTGGTATCG-1"
"603","ATAGCGTGTCTCTA-1"
"604","ATAGCTCTCTGATG-1"
"605","ATAGCTCTGAGGTG-1"
"606","ATAGGAGAAACAGA-1"
"607","ATAGGCTGTCAGAC-1"
"608","ATAGTCCTAGTGTC-1"
"609","ATAGTCCTTGCATG-1"
"610","ATAGTCCTTGTCGA-1"
"611","ATAGTTGACAACTG-1"
"612","ATAGTTGACCCTCA-1"
"613","ATAGTTGAGACGTT-1"
"614","ATAGTTGATAAGCC-1"
"615","ATATACGAAGCCAT-1"
"616","ATATACGAATTGGC-1"
"617","ATATAGTGGAATGA-1"
"618","ATATGCCTAGATCC-1"
"619","ATATGCCTGGACAG-1"
"620","ATATGCCTTCTCTA-1"
"621","ATATGCCTTGGTAC-1"
"622","ATCAAATGAGCCTA-1"
"623","ATCAAATGGGTAAA-1"
"624","ATCAACCTAAACGA-1"
"625","ATCAACCTGAGGAC-1"
"626","ATCAACCTTCTCTA-1"
"627","ATCAACCTTTGTCT-1"
"628","ATCACACTTTGTCT-1"
"629","ATCACGGATTTCGT-1"
"630","ATCATCTGACACCA-1"
"631","ATCATGCTAGAGTA-1"
"632","ATCATGCTGAACCT-1"
"633","ATCCAGGACGCTAA-1"
"634","ATCCAGGATGGAAA-1"
"635","ATCCATACTCCTTA-1"
"636","ATCCATACTTCATC-1"
"637","ATCCCGTGCAGTCA-1"
"638","ATCCCGTGCATGCA-1"
"639","ATCCCGTGGCTGAT-1"
"640","ATCCGCACGCATCA-1"
"641","ATCCTAACGACGGA-1"
"642","ATCCTAACGCTACA-1"
"643","ATCGACGAAACTGC-1"
"644","ATCGACGAATGACC-1"
"645","ATCGAGTGGACGTT-1"
"646","ATCGCAGAATCTCT-1"
"647","ATCGCAGAGTGTCA-1"
"648","ATCGCCACTGAGGG-1"
"649","ATCGCCTGGGTCAT-1"
"650","ATCGCCTGTGGCAT-1"
"651","ATCGCGCTCAGAGG-1"
"652","ATCGCGCTGGGATG-1"
"653","ATCGCGCTTTTCGT-1"
"654","ATCGGAACCAGTCA-1"
"655","ATCGGTGAGTCAAC-1"
"656","ATCGGTGATTGCAG-1"
"657","ATCGTTTGCCTACC-1"
"658","ATCGTTTGGGTACT-1"
"659","ATCGTTTGTGCCAA-1"
"660","ATCTACACCCGCTT-1"
"661","ATCTACACCGGGAA-1"
"662","ATCTCAACAGGAGC-1"
"663","ATCTCAACCTCGAA-1"
"664","ATCTCAACCTTGTT-1"
"665","ATCTGGGAAACCAC-1"
"666","ATCTGGGAAGTGTC-1"
"667","ATCTGGGATTCCGC-1"
"668","ATCTGTTGAACGGG-1"
"669","ATCTGTTGACCTCC-1"
"670","ATCTGTTGCCTTCG-1"
"671","ATCTGTTGGTTGCA-1"
"672","ATCTTGACACCAAC-1"
"673","ATCTTGACCTCCCA-1"
"674","ATCTTTCTGCATCA-1"
"675","ATCTTTCTGTTTCT-1"
"676","ATCTTTCTTGTCCC-1"
"677","ATGAAACTCTGTGA-1"
"678","ATGAAACTGAGGCA-1"
"679","ATGAAGGAACAGCT-1"
"680","ATGAAGGACCTGTC-1"
"681","ATGAAGGACCTTAT-1"
"682","ATGAAGGACTAGTG-1"
"683","ATGAAGGACTTGCC-1"
"684","ATGACGTGACGACT-1"
"685","ATGACGTGATCGGT-1"
"686","ATGAGAGAAAGTGA-1"
"687","ATGAGAGAACGCAT-1"
"688","ATGAGAGAAGTAGA-1"
"689","ATGAGCACACAGCT-1"
"690","ATGAGCACATCTTC-1"
"691","ATGATAACTTCACT-1"
"692","ATGATATGAAACAG-1"
"693","ATGATATGACTGGT-1"
"694","ATGATATGAGCACT-1"
"695","ATGATATGGTCATG-1"
"696","ATGATATGGTGCTA-1"
"697","ATGATATGTTGTCT-1"
"698","ATGCACGAATGTCG-1"
"699","ATGCACGACTGTAG-1"
"700","ATGCACGAGAACCT-1"
"701","ATGCACGAGTTCGA-1"
"702","ATGCACGATTGGTG-1"
"703","ATGCAGTGTTACCT-1"
"704","ATGCAGTGTTCTAC-1"
"705","ATGCCAGAACGACT-1"
"706","ATGCCAGACAGTCA-1"
"707","ATGCCGCTTGAACC-1"
"708","ATGCGATGCTATGG-1"
"709","ATGCGATGCTGAGT-1"
"710","ATGCGATGGTTACG-1"
"711","ATGCGCCTTCATTC-1"
"712","ATGCTTTGCGAATC-1"
"713","ATGCTTTGGGCGAA-1"
"714","ATGCTTTGTAGTCG-1"
"715","ATGGACACATCGGT-1"
"716","ATGGACACGCATCA-1"
"717","ATGGGTACAACCTG-1"
"718","ATGGGTACATCGGT-1"
"719","ATGGGTACTATTCC-1"
"720","ATGGGTACTGGGAG-1"
"721","ATGTAAACACCTCC-1"
"722","ATGTAAACCCGCTT-1"
"723","ATGTAAACGGGATG-1"
"724","ATGTAAACTCTCCG-1"
"725","ATGTAAACTTCACT-1"
"726","ATGTACCTCAGTCA-1"
"727","ATGTACCTTAGTCG-1"
"728","ATGTACCTTTATCC-1"
"729","ATGTACCTTTCACT-1"
"730","ATGTCACTAATGCC-1"
"731","ATGTCACTCTGCTC-1"
"732","ATGTCGGAGGTGAG-1"
"733","ATGTTCACAGTCTG-1"
"734","ATGTTCACCGTAGT-1"
"735","ATGTTGCTTTCAGG-1"
"736","ATTAACGATGAGAA-1"
"737","ATTAACGATGCAAC-1"
"738","ATTAAGACTGCAGT-1"
"739","ATTACCTGCCTTAT-1"
"740","ATTACCTGGAGGAC-1"
"741","ATTAGATGTTTCAC-1"
"742","ATTATGGAATCTCT-1"
"743","ATTCAAGAACGGGA-1"
"744","ATTCAAGACCTTTA-1"
"745","ATTCAGCTCATTGG-1"
"746","ATTCCAACCATTGG-1"
"747","ATTCCAACTTAGGC-1"
"748","ATTCGACTCACTAG-1"
"749","ATTCGACTGAATAG-1"
"750","ATTCGACTTTTGTC-1"
"751","ATTCGGGAAAGGCG-1"
"752","ATTCGGGATTAGGC-1"
"753","ATTCTTCTGATACC-1"
"754","ATTGAATGGACGGA-1"
"755","ATTGATGAAGGTTC-1"
"756","ATTGATGACTGAGT-1"
"757","ATTGATGAGCGAAG-1"
"758","ATTGATGATCTATC-1"
"759","ATTGCACTGACGGA-1"
"760","ATTGCACTGAGAGC-1"
"761","ATTGCACTGGAGCA-1"
"762","ATTGCACTTAGCCA-1"
"763","ATTGCACTTGCTTT-1"
"764","ATTGCTTGTTACTC-1"
"765","ATTGGTCTGACTAC-1"
"766","ATTGGTCTTGTCTT-1"
"767","ATTGTAGATTCCCG-1"
"768","ATTGTAGATTGCAG-1"
"769","ATTGTCTGCGTACA-1"
"770","ATTTAGGAACCATG-1"
"771","ATTTAGGACAGAGG-1"
"772","ATTTCCGAGATGAA-1"
"773","ATTTCCGAGTGCTA-1"
"774","ATTTCGTGTATGGC-1"
"775","ATTTCTCTACTTTC-1"
"776","ATTTCTCTAGCAAA-1"
"777","ATTTCTCTCACTTT-1"
"778","ATTTCTCTTCCCAC-1"
"779","ATTTGCACAAGATG-1"
"780","CAAAGCACAGCTCA-1"
"781","CAAAGCACCGTAAC-1"
"782","CAAAGCACGGTAAA-1"
"783","CAAAGCTGAAAGTG-1"
"784","CAAAGCTGTTGCTT-1"
"785","CAAATATGTGACAC-1"
"786","CAAATTGAGGGCAA-1"
"787","CAAATTGATGGAGG-1"
"788","CAACCAGAAAAGTG-1"
"789","CAACCAGAAGTGCT-1"
"790","CAACCAGAGTTCAG-1"
"791","CAACCAGATAGAAG-1"
"792","CAACCGCTGTTCAG-1"
"793","CAACCGCTTTGAGC-1"
"794","CAACGATGCGCAAT-1"
"795","CAACGTGACTCCAC-1"
"796","CAACGTGAGCCATA-1"
"797","CAACGTGATCAAGC-1"
"798","CAAGAAGACCACAA-1"
"799","CAAGAAGACGTCTC-1"
"800","CAAGAAGATTCTAC-1"
"801","CAAGACTGACCTGA-1"
"802","CAAGACTGAGTAGA-1"
"803","CAAGCTGACCATAG-1"
"804","CAAGCTGATCTATC-1"
"805","CAAGGACTGTTCAG-1"
"806","CAAGGACTTCTTTG-1"
"807","CAAGGTTGCTCCAC-1"
"808","CAAGGTTGTCATTC-1"
"809","CAAGGTTGTCTGGA-1"
"810","CAAGTCGAAACAGA-1"
"811","CAAGTCGATAGCGT-1"
"812","CAATAAACGCCATA-1"
"813","CAATAATGAACTGC-1"
"814","CAATATGACATGGT-1"
"815","CAATATGACCTTCG-1"
"816","CAATATGACGTTAG-1"
"817","CAATATGAGGAGCA-1"
"818","CAATCGGAGAAACA-1"
"819","CAATCTACTGACTG-1"
"820","CAATTCACCCAACA-1"
"821","CAATTCACGATAGA-1"
"822","CAATTCACTTGTGG-1"
"823","CAATTCTGCTTGTT-1"
"824","CAATTCTGGCGTAT-1"
"825","CACAACGATACGAC-1"
"826","CACAATCTTGTTCT-1"
"827","CACAATCTTTCCAT-1"
"828","CACACCTGCTTGAG-1"
"829","CACACCTGTATGGC-1"
"830","CACAGAACCCTTGC-1"
"831","CACAGAACCTGATG-1"
"832","CACAGATGGGATTC-1"
"833","CACAGATGGTTTCT-1"
"834","CACAGCCTGATACC-1"
"835","CACAGCCTTGCCAA-1"
"836","CACAGCCTTGTAGC-1"
"837","CACAGTGATGAAGA-1"
"838","CACATACTACAGCT-1"
"839","CACATGGAACACGT-1"
"840","CACATGGAAGTCGT-1"
"841","CACCACTGCCAACA-1"
"842","CACCACTGGCGAAG-1"
"843","CACCCATGTTCTGT-1"
"844","CACCGGGAATCGAC-1"
"845","CACCGGGACGAGAG-1"
"846","CACCGGGACGTGTA-1"
"847","CACCGGGACTTCTA-1"
"848","CACCGGGACTTGCC-1"
"849","CACCGGGATTCGGA-1"
"850","CACCGTACTAAGGA-1"
"851","CACCGTACTAGCGT-1"
"852","CACCTGACACCCAA-1"
"853","CACCTGACCAGAAA-1"
"854","CACCTGACCTCAAG-1"
"855","CACCTGACGAAAGT-1"
"856","CACCTGACTCGTAG-1"
"857","CACGAAACTTCCGC-1"
"858","CACGACCTCGATAC-1"
"859","CACGCTACAGAAGT-1"
"860","CACGCTACTGTTCT-1"
"861","CACGGGACAGAGTA-1"
"862","CACGGGACATAAGG-1"
"863","CACGGGACGTAGGG-1"
"864","CACGGGTGCTTCGC-1"
"865","CACGGGTGGAGGAC-1"
"866","CACGGGTGTGTTTC-1"
"867","CACTAACTCCTAAG-1"
"868","CACTAACTGAAAGT-1"
"869","CACTAGGATGATGC-1"
"870","CACTATACCCCGTT-1"
"871","CACTATACGTTTGG-1"
"872","CACTGAGACAGTCA-1"
"873","CACTGCACTTCATC-1"
"874","CACTGCTGAGACTC-1"
"875","CACTGCTGGAAAGT-1"
"876","CACTTAACCGAATC-1"
"877","CACTTAACCGTACA-1"
"878","CACTTTGACTCTAT-1"
"879","CACTTTGAGCTGTA-1"
"880","CAGAAGCTCTCAAG-1"
"881","CAGACATGAACGGG-1"
"882","CAGACATGTCGACA-1"
"883","CAGACCCTAAGGTA-1"
"884","CAGACCCTAATGCC-1"
"885","CAGACCCTAGGAGC-1"
"886","CAGACTGAGTATGC-1"
"887","CAGATCGAATGTCG-1"
"888","CAGATCGACCTGAA-1"
"889","CAGATCGATATGGC-1"
"890","CAGATGACATTCTC-1"
"891","CAGCAATGCCTTCG-1"
"892","CAGCAATGGAGGGT-1"
"893","CAGCAATGGTGCTA-1"
"894","CAGCAATGTCTACT-1"
"895","CAGCAATGTGACCA-1"
"896","CAGCAATGTGAGGG-1"
"897","CAGCACCTAAGCCT-1"
"898","CAGCACCTAGGCGA-1"
"899","CAGCACCTGTAGGG-1"
"900","CAGCATGACAACCA-1"
"901","CAGCATGAGACGTT-1"
"902","CAGCCTACCCAACA-1"
"903","CAGCCTTGCTACCC-1"
"904","CAGCCTTGGGGACA-1"
"905","CAGCGGACACCCTC-1"
"906","CAGCGGACCTTTAC-1"
"907","CAGCGTCTAAAGCA-1"
"908","CAGCGTCTTATCGG-1"
"909","CAGCTAGATGTGAC-1"
"910","CAGCTCTGAGGCGA-1"
"911","CAGCTCTGCAAGCT-1"
"912","CAGCTCTGTCGTAG-1"
"913","CAGCTCTGTGTGGT-1"
"914","CAGGAACTAACTGC-1"
"915","CAGGAACTCTCAGA-1"
"916","CAGGCCGAACACCA-1"
"917","CAGGCCGAACACGT-1"
"918","CAGGCCGAACGACT-1"
"919","CAGGCCGAATCTCT-1"
"920","CAGGCCGACTAGCA-1"
"921","CAGGGCACCATACG-1"
"922","CAGGGCACCCAACA-1"
"923","CAGGGCACTCCCGT-1"
"924","CAGGTAACAGACTC-1"
"925","CAGGTATGAGTCGT-1"
"926","CAGGTATGTGCTTT-1"
"927","CAGGTTGAGGATCT-1"
"928","CAGTGATGGACGGA-1"
"929","CAGTGATGGCTAAC-1"
"930","CAGTGATGGGACAG-1"
"931","CAGTGATGTAAGGA-1"
"932","CAGTGATGTACGCA-1"
"933","CAGTGTGATGTCAG-1"
"934","CAGTTACTAAGGTA-1"
"935","CAGTTACTGATAGA-1"
"936","CAGTTGGAAAGAGT-1"
"937","CAGTTGGACATACG-1"
"938","CAGTTTACACACGT-1"
"939","CAGTTTACCCCAAA-1"
"940","CATAAAACGGAGCA-1"
"941","CATAAATGAACTGC-1"
"942","CATAACCTTCTCCG-1"
"943","CATACTACCTCGAA-1"
"944","CATACTACCTGAAC-1"
"945","CATACTACGTACCA-1"
"946","CATACTTGGGTTAC-1"
"947","CATAGTCTAATCGC-1"
"948","CATAGTCTCACTTT-1"
"949","CATATAGACTAAGC-1"
"950","CATATAGATCAGGT-1"
"951","CATCAACTAGAAGT-1"
"952","CATCAACTCCCTCA-1"
"953","CATCAGGACTTCCG-1"
"954","CATCAGGATAGCCA-1"
"955","CATCAGGATCCTAT-1"
"956","CATCAGGATGCACA-1"
"957","CATCAGGATTTCGT-1"
"958","CATCATACCGCATA-1"
"959","CATCATACGGAGCA-1"
"960","CATCATACTCAAGC-1"
"961","CATCGCTGGGATCT-1"
"962","CATCGCTGTGGCAT-1"
"963","CATCGGCTATGCTG-1"
"964","CATCGGCTTTGGCA-1"
"965","CATCTCCTATGTGC-1"
"966","CATCTCCTCGAACT-1"
"967","CATGAGACACGGGA-1"
"968","CATGAGACGTTGAC-1"
"969","CATGAGACTCGCCT-1"
"970","CATGCCACGGGTGA-1"
"971","CATGCCACTGCCAA-1"
"972","CATGCGCTAGTCAC-1"
"973","CATGCGCTCAGATC-1"
"974","CATGCGCTTTGCAG-1"
"975","CATGGCCTAGGGTG-1"
"976","CATGGCCTGTGCAT-1"
"977","CATGTACTATCGTG-1"
"978","CATGTTACAGTCGT-1"
"979","CATGTTACCTGAGT-1"
"980","CATGTTTGGGGATG-1"
"981","CATTACACACGGAG-1"
"982","CATTACACCAACTG-1"
"983","CATTACACGGAGTG-1"
"984","CATTACACTACTCT-1"
"985","CATTAGCTCCACAA-1"
"986","CATTGACTAGCGGA-1"
"987","CATTGGGACTCGAA-1"
"988","CATTGTACAGCGTT-1"
"989","CATTGTACTCGATG-1"
"990","CATTGTACTTATCC-1"
"991","CATTGTACTTTGCT-1"
"992","CATTGTTGCTAGTG-1"
"993","CATTTCGACTCTAT-1"
"994","CATTTCGAGATACC-1"
"995","CATTTGACCACACA-1"
"996","CATTTGACCCTGAA-1"
"997","CATTTGTGACGACT-1"
"998","CATTTGTGCATTGG-1"
"999","CATTTGTGCGGAGA-1"
"1000","CATTTGTGGGATCT-1"
"1001","CCAAAGTGCTACGA-1"
"1002","CCAAAGTGTGAGAA-1"
"1003","CCAACCTGAAGTAG-1"
"1004","CCAACCTGACGTAC-1"
"1005","CCAACCTGTTCGCC-1"
"1006","CCAAGAACCCAATG-1"
"1007","CCAAGAACGTAGCT-1"
"1008","CCAAGAACGTGTCA-1"
"1009","CCAAGAACTACTGG-1"
"1010","CCAAGAACTCCTAT-1"
"1011","CCAAGATGTCATTC-1"
"1012","CCAAGATGTTTCAC-1"
"1013","CCAAGTGAGGAACG-1"
"1014","CCAAGTGATCAAGC-1"
"1015","CCAATTTGAACGTC-1"
"1016","CCACCATGAACGTC-1"
"1017","CCACCATGATCGGT-1"
"1018","CCACCATGGACGAG-1"
"1019","CCACCATGGGGAGT-1"
"1020","CCACCATGTCCTGC-1"
"1021","CCACTGACCCGCTT-1"
"1022","CCACTGTGGGAAGC-1"
"1023","CCACTGTGTGTAGC-1"
"1024","CCACTTCTCGGGAA-1"
"1025","CCAGAAACCCTGTC-1"
"1026","CCAGAAACGAACTC-1"
"1027","CCAGAAACGGTCTA-1"
"1028","CCAGACCTCTGAGT-1"
"1029","CCAGACCTTGTGGT-1"
"1030","CCAGCACTGCGATT-1"
"1031","CCAGCGGAAAGGCG-1"
"1032","CCAGCGGACGACTA-1"
"1033","CCAGCGGATGGGAG-1"
"1034","CCAGCTACACAGTC-1"
"1035","CCAGCTACCAGCTA-1"
"1036","CCAGGTCTACACCA-1"
"1037","CCAGGTCTAGCATC-1"
"1038","CCAGGTCTATGGTC-1"
"1039","CCAGTCACACTGGT-1"
"1040","CCAGTCACACTGTG-1"
"1041","CCAGTCACGTTGTG-1"
"1042","CCAGTGCTAACCAC-1"
"1043","CCAGTGCTCGTAGT-1"
"1044","CCATCCGAAAGCAA-1"
"1045","CCATCCGAACGACT-1"
"1046","CCATCCGAAGGTTC-1"
"1047","CCATCCGATTCGCC-1"
"1048","CCATCGTGAACGGG-1"
"1049","CCATCGTGCTAGAC-1"
"1050","CCCAACACCTCGCT-1"
"1051","CCCAACACGCATCA-1"
"1052","CCCAACACTTTGTC-1"
"1053","CCCAACTGCAATCG-1"
"1054","CCCAGACTGCCTTC-1"
"1055","CCCAGACTGGTTTG-1"
"1056","CCCAGACTTTCGCC-1"
"1057","CCCAGTTGCAGTTG-1"
"1058","CCCAGTTGGGTACT-1"
"1059","CCCAGTTGTCTATC-1"
"1060","CCCGATTGTGTTTC-1"
"1061","CCCGGAGAAGGGTG-1"
"1062","CCCTACGAATTGGC-1"
"1063","CCCTAGTGCAAAGA-1"
"1064","CCCTCAGACACTTT-1"
"1065","CCCTCAGACGAGAG-1"
"1066","CCCTCAGAGGTCAT-1"
"1067","CCCTGAACTAAAGG-1"
"1068","CCCTGATGCAACCA-1"
"1069","CCCTGATGCAAGCT-1"
"1070","CCCTTACTAACCAC-1"
"1071","CCCTTACTGCAGTT-1"
"1072","CCGAAAACCTTGTT-1"
"1073","CCGACACTGGTTTG-1"
"1074","CCGACTACCCAGTA-1"
"1075","CCGACTACCGTGTA-1"
"1076","CCGACTACTGAGGG-1"
"1077","CCGATAGACCTAAG-1"
"1078","CCGATAGAGTTGGT-1"
"1079","CCGCGAGACACACA-1"
"1080","CCGCGAGAGGTTCA-1"
"1081","CCGCTATGGGACGA-1"
"1082","CCGCTATGTGCAAC-1"
"1083","CCGCTATGTGCACA-1"
"1084","CCGGTACTGTCCTC-1"
"1085","CCGTACACAAGCAA-1"
"1086","CCGTACACAGCGTT-1"
"1087","CCGTACACGTCATG-1"
"1088","CCGTACACGTTGGT-1"
"1089","CCGTACACTAACGC-1"
"1090","CCTAAACTTTCGTT-1"
"1091","CCTAAGGACCCAAA-1"
"1092","CCTAAGGACTAGCA-1"
"1093","CCTAAGGAGGGCAA-1"
"1094","CCTAAGGATGATGC-1"
"1095","CCTAAGGATGTCAG-1"
"1096","CCTACCGACTCTTA-1"
"1097","CCTACCGAGGGATG-1"
"1098","CCTAGAGAGGTGAG-1"
"1099","CCTATAACCAAAGA-1"
"1100","CCTATAACGAGACG-1"
"1101","CCTATAACTCAGAC-1"
"1102","CCTATAACTGCATG-1"
"1103","CCTCGAACACTTTC-1"
"1104","CCTCGAACCCGTAA-1"
"1105","CCTCGAACGTATCG-1"
"1106","CCTCGAACTTACTC-1"
"1107","CCTCTACTCTTCGC-1"
"1108","CCTCTACTGGCATT-1"
"1109","CCTGACTGAAGTAG-1"
"1110","CCTGACTGGGGAGT-1"
"1111","CCTGACTGTGTCTT-1"
"1112","CCTGCAACACGTTG-1"
"1113","CCTGGACTCGTGAT-1"
"1114","CCTTAATGCCCAAA-1"
"1115","CCTTAATGTTCTAC-1"
"1116","CCTTCACTACGACT-1"
"1117","CCTTCACTCAGTCA-1"
"1118","CCTTCACTGGAGTG-1"
"1119","CCTTTAGATTCATC-1"
"1120","CGAACATGCCCTAC-1"
"1121","CGAACATGTCAGAC-1"
"1122","CGAAGACTGGAACG-1"
"1123","CGAAGACTGTTACG-1"
"1124","CGAAGGGAAACCTG-1"
"1125","CGAAGGGATCCGAA-1"
"1126","CGAAGTACCAACTG-1"
"1127","CGAATCGAGGAGCA-1"
"1128","CGAATCGAGGAGGT-1"
"1129","CGACAAACCCATAG-1"
"1130","CGACAAACCGACAT-1"
"1131","CGACCACTAAAGTG-1"
"1132","CGACCACTGCCAAT-1"
"1133","CGACCGGAAGGTCT-1"
"1134","CGACCGGATGGAAA-1"
"1135","CGACCTTGCTAGTG-1"
"1136","CGACGTCTATCGTG-1"
"1137","CGACGTCTCGTGTA-1"
"1138","CGACGTCTGAGGCA-1"
"1139","CGACTCACGTCGTA-1"
"1140","CGACTCACGTTGCA-1"
"1141","CGACTCTGTGTGAC-1"
"1142","CGACTGCTTCCTCG-1"
"1143","CGAGAACTAAGGCG-1"
"1144","CGAGAACTACGTTG-1"
"1145","CGAGAACTTGTTCT-1"
"1146","CGAGATTGGACACT-1"
"1147","CGAGATTGGCCATA-1"
"1148","CGAGCCGAACACCA-1"
"1149","CGAGCCGAGGCGAA-1"
"1150","CGAGCGTGCTCCAC-1"
"1151","CGAGCGTGGATACC-1"
"1152","CGAGCGTGTATGCG-1"
"1153","CGAGGAGACCTCCA-1"
"1154","CGAGGAGATGTCGA-1"
"1155","CGAGGCACCTATGG-1"
"1156","CGAGGCACTATGCG-1"
"1157","CGAGGCACTCTTCA-1"
"1158","CGAGGCTGACGCTA-1"
"1159","CGAGGCTGGCAGTT-1"
"1160","CGAGGGCTACGACT-1"
"1161","CGAGGGCTCGAATC-1"
"1162","CGAGTATGTCACCC-1"
"1163","CGATACGAACAGTC-1"
"1164","CGATACGACAGGAG-1"
"1165","CGATACGATTCACT-1"
"1166","CGATAGACCCGTAA-1"
"1167","CGATAGACCGTACA-1"
"1168","CGATAGACGTAGGG-1"
"1169","CGATAGACTGTTCT-1"
"1170","CGATCAGAAGAACA-1"
"1171","CGATCAGAGAGGGT-1"
"1172","CGATCAGAGGTACT-1"
"1173","CGATCAGATGTGAC-1"
"1174","CGATCCACCGGGAA-1"
"1175","CGATCCACTTCCAT-1"
"1176","CGCAAATGCTCGAA-1"
"1177","CGCAACCTCCTTGC-1"
"1178","CGCAACCTGGACGA-1"
"1179","CGCACGGAGGACGA-1"
"1180","CGCACGGATCTTTG-1"
"1181","CGCACTACAGAATG-1"
"1182","CGCACTACAGCCAT-1"
"1183","CGCACTACATTGGC-1"
"1184","CGCACTACTCGCCT-1"
"1185","CGCACTACTCGTGA-1"
"1186","CGCACTTGTCACGA-1"
"1187","CGCAGGACAGATCC-1"
"1188","CGCAGGACCTACTT-1"
"1189","CGCAGGACTTGTCT-1"
"1190","CGCAGGTGCACTGA-1"
"1191","CGCAGGTGCCATAG-1"
"1192","CGCAGGTGGGAACG-1"
"1193","CGCATAGATCACGA-1"
"1194","CGCCATACTGCAAC-1"
"1195","CGCCATTGAGAGGC-1"
"1196","CGCCATTGCTATGG-1"
"1197","CGCCATTGGAGACG-1"
"1198","CGCCATTGGAGCAG-1"
"1199","CGCCATTGTACTGG-1"
"1200","CGCCGAGAGCTTAG-1"
"1201","CGCCTAACGAATGA-1"
"1202","CGCCTAACTGCTCC-1"
"1203","CGCGAGACACAGCT-1"
"1204","CGCGAGACAGGTCT-1"
"1205","CGCGAGACGCTACA-1"
"1206","CGCGATCTCAGTCA-1"
"1207","CGCGATCTGTTGAC-1"
"1208","CGCGATCTTTCTTG-1"
"1209","CGCGGATGGCCAAT-1"
"1210","CGCTAAGAATGTCG-1"
"1211","CGCTAAGACAACTG-1"
"1212","CGCTAAGACCCTTG-1"
"1213","CGCTACTGAACAGA-1"
"1214","CGCTACTGAGAACA-1"
"1215","CGCTACTGTGAGCT-1"
"1216","CGCTACTGTTCCCG-1"
"1217","CGCTCATGCATTTC-1"
"1218","CGGAATTGGTTTGG-1"
"1219","CGGAATTGTGGAGG-1"
"1220","CGGACCGATGCGTA-1"
"1221","CGGACCGATGGGAG-1"
"1222","CGGACTCTAAACAG-1"
"1223","CGGACTCTCCAATG-1"
"1224","CGGACTCTCCTCGT-1"
"1225","CGGAGGCTATTCCT-1"
"1226","CGGAGGCTTGGATC-1"
"1227","CGGATAACAACGAA-1"
"1228","CGGATAACAGCTCA-1"
"1229","CGGATAACTCAGTG-1"
"1230","CGGCACGAACTCAG-1"
"1231","CGGCACGAAGGGTG-1"
"1232","CGGCACGACTACGA-1"
"1233","CGGCATCTTAGAAG-1"
"1234","CGGCATCTTCGTAG-1"
"1235","CGGCCAGAAAGGTA-1"
"1236","CGGCCAGAGAGGCA-1"
"1237","CGGCGAACCAGTCA-1"
"1238","CGGCGAACGACAAA-1"
"1239","CGGCGAACGGTCTA-1"
"1240","CGGCGAACTACTTC-1"
"1241","CGGGACTGCGTGTA-1"
"1242","CGGGACTGGAATAG-1"
"1243","CGGGCATGACCCAA-1"
"1244","CGGGCATGTCTCTA-1"
"1245","CGGGCATGTTGTGG-1"
"1246","CGGTAAACTCGCAA-1"
"1247","CGGTCACTGTTTGG-1"
"1248","CGGTCACTTACTTC-1"
"1249","CGTAACGATCGCCT-1"
"1250","CGTACCACACACAC-1"
"1251","CGTACCACACGTTG-1"
"1252","CGTACCACCTCATT-1"
"1253","CGTACCACGGAGCA-1"
"1254","CGTACCTGGCATCA-1"
"1255","CGTAGCCTCTCTCG-1"
"1256","CGTAGCCTGCGAAG-1"
"1257","CGTAGCCTGTATGC-1"
"1258","CGTCAAGAAAGGTA-1"
"1259","CGTCAAGAACGTGT-1"
"1260","CGTCAAGACAGAGG-1"
"1261","CGTCAAGACAGGAG-1"
"1262","CGTCCATGCTCTTA-1"
"1263","CGTCGACTTTCCGC-1"
"1264","CGTGATGACGCTAA-1"
"1265","CGTGATGAGGTTCA-1"
"1266","CGTGCACTTATGGC-1"
"1267","CGTGTAGAAAAACG-1"
"1268","CGTGTAGACGATAC-1"
"1269","CGTGTAGAGTTACG-1"
"1270","CGTGTAGAGTTCAG-1"
"1271","CGTGTAGATTCGGA-1"
"1272","CGTTAGGAAACCAC-1"
"1273","CGTTAGGATCATTC-1"
"1274","CGTTATACCCTGAA-1"
"1275","CGTTTAACTGGTCA-1"
"1276","CTAAACCTCTGACA-1"
"1277","CTAAACCTGTGCAT-1"
"1278","CTAACACTAACGTC-1"
"1279","CTAACACTAGTGCT-1"
"1280","CTAACGGAACCGAT-1"
"1281","CTAACGGATTTCTG-1"
"1282","CTAACTACGGCAAG-1"
"1283","CTAAGGACACCATG-1"
"1284","CTAAGGACCGTTAG-1"
"1285","CTAAGGACGCCATA-1"
"1286","CTAAGGTGCCTAAG-1"
"1287","CTAAGGTGTTGCAG-1"
"1288","CTAAGGTGTTTCTG-1"
"1289","CTAATAGAGCTATG-1"
"1290","CTAATGCTTGTGGT-1"
"1291","CTACAACTCCCGTT-1"
"1292","CTACCTCTCAACCA-1"
"1293","CTACGCACACCTAG-1"
"1294","CTACGCACTCTCCG-1"
"1295","CTACGCACTGGTCA-1"
"1296","CTACGGCTTTCTTG-1"
"1297","CTACTATGAACCAC-1"
"1298","CTACTATGATGTGC-1"
"1299","CTACTATGCTAAGC-1"
"1300","CTACTATGTAAAGG-1"
"1301","CTACTCCTATGTCG-1"
"1302","CTACTCCTGCCATA-1"
"1303","CTAGAGACACTTTC-1"
"1304","CTAGAGACAGCATC-1"
"1305","CTAGAGACTTTGGG-1"
"1306","CTAGATCTCTCTAT-1"
"1307","CTAGATCTTCGACA-1"
"1308","CTAGGATGAGCCTA-1"
"1309","CTAGGATGATCGTG-1"
"1310","CTAGGCCTCTCAGA-1"
"1311","CTAGGTGATGGTTG-1"
"1312","CTAGTTACCAGAGG-1"
"1313","CTAGTTACCGCATA-1"
"1314","CTAGTTACGAAACA-1"
"1315","CTATAAGATCGTTT-1"
"1316","CTATACTGAGGTTC-1"
"1317","CTATACTGCCAGTA-1"
"1318","CTATACTGCGCTAA-1"
"1319","CTATACTGCTACGA-1"
"1320","CTATACTGTCTCAT-1"
"1321","CTATACTGTTCGTT-1"
"1322","CTATAGCTGTCACA-1"
"1323","CTATAGCTTCGCTC-1"
"1324","CTATAGCTTGCCTC-1"
"1325","CTATCAACGAACTC-1"
"1326","CTATCAACGCAGAG-1"
"1327","CTATCAACTTTGGG-1"
"1328","CTATCCCTCCACCT-1"
"1329","CTATGTACGAGAGC-1"
"1330","CTATGTACGCTTAG-1"
"1331","CTATGTACTGTTTC-1"
"1332","CTATGTTGAAAGCA-1"
"1333","CTATGTTGTCCTCG-1"
"1334","CTATGTTGTCTCGC-1"
"1335","CTATTGACAAACGA-1"
"1336","CTATTGACACTGGT-1"
"1337","CTATTGACGGTGAG-1"
"1338","CTATTGTGGCAAGG-1"
"1339","CTCAATTGGTTCAG-1"
"1340","CTCAATTGGTTGCA-1"
"1341","CTCAGAGATAGAAG-1"
"1342","CTCAGCACTCTAGG-1"
"1343","CTCAGCACTGAACC-1"
"1344","CTCAGCACTTGCAG-1"
"1345","CTCAGCTGAACCTG-1"
"1346","CTCAGCTGCAGTTG-1"
"1347","CTCAGGCTCGTTGA-1"
"1348","CTCAGGCTGCTAAC-1"
"1349","CTCATTGACCTTAT-1"
"1350","CTCATTGATGCTTT-1"
"1351","CTCCACGAGAGATA-1"
"1352","CTCCATCTCTTAGG-1"
"1353","CTCCATCTGACGAG-1"
"1354","CTCCGAACAAGTGA-1"
"1355","CTCCTACTGCCTTC-1"
"1356","CTCGAAGATGTGGT-1"
"1357","CTCGAAGATTAGGC-1"
"1358","CTCGACTGCTCTAT-1"
"1359","CTCGACTGGGTGAG-1"
"1360","CTCGACTGGTTGAC-1"
"1361","CTCGAGCTCTGGAT-1"
"1362","CTCGCATGACTTTC-1"
"1363","CTCGCATGCTTAGG-1"
"1364","CTCTAAACCTCGAA-1"
"1365","CTCTAAACGGCGAA-1"
"1366","CTCTAATGTCCAAG-1"
"1367","CTGAACGACAGTCA-1"
"1368","CTGAACGATGAGGG-1"
"1369","CTGAAGACCCAACA-1"
"1370","CTGAAGACGTGCAT-1"
"1371","CTGAAGTGAAGCCT-1"
"1372","CTGAAGTGCAGCTA-1"
"1373","CTGAAGTGGCTATG-1"
"1374","CTGAAGTGTCCAGA-1"
"1375","CTGAATCTGAATAG-1"
"1376","CTGACAGAATCGTG-1"
"1377","CTGACCACAGCAAA-1"
"1378","CTGAGAACCGGGAA-1"
"1379","CTGAGAACGTAAAG-1"
"1380","CTGATACTAGTAGA-1"
"1381","CTGATTTGGTGTTG-1"
"1382","CTGCAGCTAACCGT-1"
"1383","CTGCAGCTGACACT-1"
"1384","CTGCAGCTGGATTC-1"
"1385","CTGCAGCTTGGCAT-1"
"1386","CTGCCAACAGGAGC-1"
"1387","CTGCCAACCAGCTA-1"
"1388","CTGCCAACTAACCG-1"
"1389","CTGCCAACTGCTCC-1"
"1390","CTGCCAACTTGCAG-1"
"1391","CTGCCAACTTGCTT-1"
"1392","CTGCGACTCCACCT-1"
"1393","CTGGAAACAAACGA-1"
"1394","CTGGAAACATCGAC-1"
"1395","CTGGATGACTGGAT-1"
"1396","CTGGATGACTTGTT-1"
"1397","CTGGATGATGTGAC-1"
"1398","CTGGCACTCAAGCT-1"
"1399","CTGTAACTAACCAC-1"
"1400","CTGTAACTAGCGTT-1"
"1401","CTGTATACGTAAAG-1"
"1402","CTGTATACGTACGT-1"
"1403","CTGTATACGTTGGT-1"
"1404","CTGTGAGACAACCA-1"
"1405","CTGTGAGACCTTGC-1"
"1406","CTGTGAGACGAACT-1"
"1407","CTGTGAGACTGTAG-1"
"1408","CTTAAAGAACCTGA-1"
"1409","CTTAACACCTGTAG-1"
"1410","CTTAACACTATCGG-1"
"1411","CTTAAGCTACCTAG-1"
"1412","CTTAAGCTAGTACC-1"
"1413","CTTAAGCTCATCAG-1"
"1414","CTTAAGCTCCGCTT-1"
"1415","CTTACAACTAACGC-1"
"1416","CTTACAACTCCCGT-1"
"1417","CTTACTGACGTACA-1"
"1418","CTTAGACTAAACGA-1"
"1419","CTTAGGGACTTGCC-1"
"1420","CTTAGGGAGAATCC-1"
"1421","CTTATCGACTCATT-1"
"1422","CTTCACCTACCTGA-1"
"1423","CTTCATGAAGCATC-1"
"1424","CTTCATGAAGTACC-1"
"1425","CTTCATGACCGAAT-1"
"1426","CTTGAACTACGCAT-1"
"1427","CTTGATTGAGGTTC-1"
"1428","CTTGATTGATCTTC-1"
"1429","CTTGATTGCATTCT-1"
"1430","CTTGATTGTTTCGT-1"
"1431","CTTGTATGACACCA-1"
"1432","CTTGTATGCGCAAT-1"
"1433","CTTTACGAGCGAAG-1"
"1434","CTTTAGACCGTGAT-1"
"1435","CTTTAGACGAGACG-1"
"1436","CTTTAGACGATACC-1"
"1437","CTTTAGACGTTGGT-1"
"1438","CTTTAGACTCATTC-1"
"1439","CTTTAGTGACGGGA-1"
"1440","CTTTAGTGGGTGGA-1"
"1441","CTTTCAGAGAAACA-1"
"1442","CTTTGATGAGCACT-1"
"1443","CTTTGATGTCTAGG-1"
"1444","CTTTGATGTGTCCC-1"
"1445","CTTTGATGTGTGGT-1"
"1446","GAAACAGAACTACG-1"
"1447","GAAACAGAATCACG-1"
"1448","GAAACAGACATTCT-1"
"1449","GAAACCTGATCGTG-1"
"1450","GAAACCTGATGCCA-1"
"1451","GAAACCTGCTTATC-1"
"1452","GAAACCTGGACTAC-1"
"1453","GAAACCTGTGCTAG-1"
"1454","GAAAGATGATTTCC-1"
"1455","GAAAGATGCTGATG-1"
"1456","GAAAGATGCTTCGC-1"
"1457","GAAAGATGTAAGGA-1"
"1458","GAAAGCCTACGTTG-1"
"1459","GAAAGTGAAAGTGA-1"
"1460","GAAAGTGACCACAA-1"
"1461","GAAAGTGACTCAAG-1"
"1462","GAAATACTACCAAC-1"
"1463","GAAATACTCTTAGG-1"
"1464","GAAATACTTCCTCG-1"
"1465","GAACACACGTGCAT-1"
"1466","GAACACACTGCCTC-1"
"1467","GAACAGCTAACTGC-1"
"1468","GAACAGCTCTCAGA-1"
"1469","GAACCAACCACAAC-1"
"1470","GAACCAACTTCCGC-1"
"1471","GAACCTGAACGTGT-1"
"1472","GAACCTGAGAGACG-1"
"1473","GAACCTGATGAACC-1"
"1474","GAACGGGATACTTC-1"
"1475","GAACTGTGACCTGA-1"
"1476","GAACTGTGCCAGTA-1"
"1477","GAAGAATGCAATCG-1"
"1478","GAAGCGGACCTATT-1"
"1479","GAAGCTACGAATGA-1"
"1480","GAAGCTACGGTTTG-1"
"1481","GAAGGGTGAAAGTG-1"
"1482","GAAGGGTGCTTAGG-1"
"1483","GAAGGTCTGAAAGT-1"
"1484","GAAGGTCTGTTGCA-1"
"1485","GAAGGTCTTAAAGG-1"
"1486","GAAGTAGACTCCCA-1"
"1487","GAAGTAGATCCAAG-1"
"1488","GAAGTCACCCTCGT-1"
"1489","GAAGTCACCCTGTC-1"
"1490","GAAGTCTGTCGCAA-1"
"1491","GAAGTCTGTTCTGT-1"
"1492","GAAGTGCTAAACGA-1"
"1493","GAAGTGCTCCGCTT-1"
"1494","GAAGTGCTTAACCG-1"
"1495","GAATGCACCCTAAG-1"
"1496","GAATGCACCTTCGC-1"
"1497","GAATGCTGCGGTAT-1"
"1498","GAATTAACGATAAG-1"
"1499","GAATTAACGGTCAT-1"
"1500","GAATTAACGTCGTA-1"
"1501","GAATTAACTGAAGA-1"
"1502","GACAACACAGGCGA-1"
"1503","GACAACACATCGTG-1"
"1504","GACAACACTCGCCT-1"
"1505","GACAACTGAGGTTC-1"
"1506","GACAGGGAAGAGTA-1"
"1507","GACAGGGAATGCCA-1"
"1508","GACAGTACGAGCTT-1"
"1509","GACAGTACTTCGGA-1"
"1510","GACAGTTGAGTAGA-1"
"1511","GACATTCTCCACCT-1"
"1512","GACCAAACGACTAC-1"
"1513","GACCAAACGTATCG-1"
"1514","GACCCTACTAAAGG-1"
"1515","GACCTAGACCTCAC-1"
"1516","GACCTAGACGAGAG-1"
"1517","GACCTCACAAGGTA-1"
"1518","GACCTCACGTACGT-1"
"1519","GACCTCTGCATCAG-1"
"1520","GACGAACTCCCACT-1"
"1521","GACGATTGCCAATG-1"
"1522","GACGCCGACCTTCG-1"
"1523","GACGCTCTCTCTCG-1"
"1524","GACGGCACACGGGA-1"
"1525","GACGGCACGAGATA-1"
"1526","GACGTAACCTATGG-1"
"1527","GACGTAACCTGTGA-1"
"1528","GACGTAACTATGGC-1"
"1529","GACGTATGTTGACG-1"
"1530","GACGTATGTTTGCT-1"
"1531","GACGTCCTACGGAG-1"
"1532","GACGTCCTCTCAAG-1"
"1533","GACGTCCTGATAAG-1"
"1534","GACTACGATGGTCA-1"
"1535","GACTCCTGCTCGCT-1"
"1536","GACTCCTGGGTTAC-1"
"1537","GACTCCTGTTATCC-1"
"1538","GACTCCTGTTGGTG-1"
"1539","GACTGAACCAATCG-1"
"1540","GACTGATGTGATGC-1"
"1541","GACTTTACATGCCA-1"
"1542","GACTTTACGACAGG-1"
"1543","GAGAAATGTTCTCA-1"
"1544","GAGATAGAAAAAGC-1"
"1545","GAGATCACGACAAA-1"
"1546","GAGATGCTCTGGAT-1"
"1547","GAGATGCTGAATGA-1"
"1548","GAGCAGGATTCCCG-1"
"1549","GAGCATACTTTGCT-1"
"1550","GAGCGCACGCGTAT-1"
"1551","GAGCGCACGGTGAG-1"
"1552","GAGCGCTGAAGATG-1"
"1553","GAGCGCTGTCTTAC-1"
"1554","GAGCGGCTGGGAGT-1"
"1555","GAGGACGACTCAGA-1"
"1556","GAGGATCTGAAAGT-1"
"1557","GAGGCAGACTTGCC-1"
"1558","GAGGGAACACCAGT-1"
"1559","GAGGGAACGAGGGT-1"
"1560","GAGGGATGGGAAAT-1"
"1561","GAGGGCCTTCACCC-1"
"1562","GAGGGTGAAGAGTA-1"
"1563","GAGGTACTACGGTT-1"
"1564","GAGGTACTACTCAG-1"
"1565","GAGGTACTGACACT-1"
"1566","GAGGTACTGGGAGT-1"
"1567","GAGGTACTTAGCGT-1"
"1568","GAGGTGGAGTACGT-1"
"1569","GAGGTGGATCCTCG-1"
"1570","GAGGTTACTCGTTT-1"
"1571","GAGGTTTGTAAGCC-1"
"1572","GAGTCAACCATTCT-1"
"1573","GAGTCAACGGGAGT-1"
"1574","GAGTCTGATCGTGA-1"
"1575","GAGTCTGATTTGGG-1"
"1576","GAGTGACTCAGCTA-1"
"1577","GAGTGACTCGGTAT-1"
"1578","GAGTGACTCTTGCC-1"
"1579","GAGTGACTGACTAC-1"
"1580","GAGTGACTGTCTAG-1"
"1581","GAGTGGGAGTCTTT-1"
"1582","GAGTGGGATGCCCT-1"
"1583","GAGTGGGATGCTGA-1"
"1584","GAGTGTTGCTGTAG-1"
"1585","GAGTGTTGTGGTCA-1"
"1586","GAGTTGTGCATGGT-1"
"1587","GAGTTGTGCTGAGT-1"
"1588","GAGTTGTGGCGAGA-1"
"1589","GAGTTGTGGTAGCT-1"
"1590","GAGTTGTGTATGCG-1"
"1591","GATAAGGAGAAACA-1"
"1592","GATAAGGATTCACT-1"
"1593","GATACTCTATCGGT-1"
"1594","GATACTCTTACTTC-1"
"1595","GATACTCTTGACTG-1"
"1596","GATAGAGAAGGGTG-1"
"1597","GATAGAGACTGTGA-1"
"1598","GATAGAGATCACGA-1"
"1599","GATAGCACCCATAG-1"
"1600","GATAGCACGAAGGC-1"
"1601","GATAGCACTTGTCT-1"
"1602","GATATAACAAGGTA-1"
"1603","GATATAACACGCAT-1"
"1604","GATATATGCTGGAT-1"
"1605","GATATATGTCCGTC-1"
"1606","GATATATGTGGAGG-1"
"1607","GATATCCTAGAAGT-1"
"1608","GATATCCTCCCGTT-1"
"1609","GATATTGACAGGAG-1"
"1610","GATATTGACGAGTT-1"
"1611","GATATTGAGCCAAT-1"
"1612","GATCCCTGACCTTT-1"
"1613","GATCCCTGTGTAGC-1"
"1614","GATCCGCTGGTCAT-1"
"1615","GATCGAACCGAGAG-1"
"1616","GATCGATGACTAGC-1"
"1617","GATCGATGGTAAAG-1"
"1618","GATCGATGTAAGGA-1"
"1619","GATCGTGACACTAG-1"
"1620","GATCGTGATTCACT-1"
"1621","GATCTACTGGTGAG-1"
"1622","GATCTACTTTGCAG-1"
"1623","GATCTTACACCCAA-1"
"1624","GATCTTACCCTACC-1"
"1625","GATCTTACGAATAG-1"
"1626","GATCTTACGAGATA-1"
"1627","GATGCAACTCCAGA-1"
"1628","GATGCCCTACGTAC-1"
"1629","GATGCCCTCTCATT-1"
"1630","GATGCCCTGGCAAG-1"
"1631","GATGCCCTTTTGCT-1"
"1632","GATTACCTTGTTCT-1"
"1633","GATTCGGAACGACT-1"
"1634","GATTCGGACAGGAG-1"
"1635","GATTCGGAGAAGGC-1"
"1636","GATTCTTGATTCGG-1"
"1637","GATTCTTGCCGATA-1"
"1638","GATTCTTGCGAGTT-1"
"1639","GATTGGACCCGTTC-1"
"1640","GATTGGACGGTGTT-1"
"1641","GATTGGACTTTCGT-1"
"1642","GATTGGTGTGTCAG-1"
"1643","GATTTAGACACTCC-1"
"1644","GATTTAGACTAAGC-1"
"1645","GATTTAGATTCGTT-1"
"1646","GATTTGCTAACGAA-1"
"1647","GATTTGCTAACGGG-1"
"1648","GCAACCCTCCTCGT-1"
"1649","GCAACTGATTGCGA-1"
"1650","GCAAGACTACTGGT-1"
"1651","GCAAGACTAGGTCT-1"
"1652","GCAAGACTCCCTTG-1"
"1653","GCAATCGACTGCAA-1"
"1654","GCAATCGAGACGTT-1"
"1655","GCAATCGATCCTTA-1"
"1656","GCAATTCTCGTGTA-1"
"1657","GCAATTCTTCTCCG-1"
"1658","GCACAAACAATGCC-1"
"1659","GCACAAACGGTACT-1"
"1660","GCACAATGGTGCAT-1"
"1661","GCACACCTGTGCTA-1"
"1662","GCACCACTCATGAC-1"
"1663","GCACCACTGTTTGG-1"
"1664","GCACCACTTCCTTA-1"
"1665","GCACCACTTTCGGA-1"
"1666","GCACCTACGCGATT-1"
"1667","GCACCTTGGCTGTA-1"
"1668","GCACCTTGGGGAGT-1"
"1669","GCACGGACCAGCTA-1"
"1670","GCACGGTGACCTCC-1"
"1671","GCACGGTGCTATGG-1"
"1672","GCACTAGAACGGGA-1"
"1673","GCACTAGAAGATGA-1"
"1674","GCACTAGACCTTTA-1"
"1675","GCACTAGACGTAAC-1"
"1676","GCACTAGAGTCGTA-1"
"1677","GCACTAGATGCAAC-1"
"1678","GCACTGCTGAGGCA-1"
"1679","GCAGATACAGCGTT-1"
"1680","GCAGATACGACGGA-1"
"1681","GCAGATACGCAGAG-1"
"1682","GCAGCCGACAGTCA-1"
"1683","GCAGCGTGCACTCC-1"
"1684","GCAGCTCTCAATCG-1"
"1685","GCAGCTCTGTTTCT-1"
"1686","GCAGGGCTAAGAAC-1"
"1687","GCAGGGCTAAGGGC-1"
"1688","GCAGGGCTATCGAC-1"
"1689","GCAGGGCTTGGGAG-1"
"1690","GCAGTCCTAACTGC-1"
"1691","GCAGTCCTCTCTTA-1"
"1692","GCATCAGATGCGTA-1"
"1693","GCATGTGACAAGCT-1"
"1694","GCATTGGAGAAGGC-1"
"1695","GCCAAAACGAGGCA-1"
"1696","GCCAAATGATCGAC-1"
"1697","GCCAACCTACGGTT-1"
"1698","GCCAACCTCGCCTT-1"
"1699","GCCACGGAGGCGAA-1"
"1700","GCCACGGATACTGG-1"
"1701","GCCACTACGTCTTT-1"
"1702","GCCCAACTACCGAT-1"
"1703","GCCCAACTATGGTC-1"
"1704","GCCCATACAGCGTT-1"
"1705","GCCGACGAACTCTT-1"
"1706","GCCGAGTGCGTTGA-1"
"1707","GCCGGAACGAACTC-1"
"1708","GCCGGAACGTTCTT-1"
"1709","GCCGGAACTGCACA-1"
"1710","GCCGGAACTTACTC-1"
"1711","GCCGTACTACCTGA-1"
"1712","GCCGTACTGGCAAG-1"
"1713","GCCTACACAGTTCG-1"
"1714","GCCTACACCACTGA-1"
"1715","GCCTACACCTTGAG-1"
"1716","GCCTAGCTACGGAG-1"
"1717","GCCTAGCTCTATTC-1"
"1718","GCCTAGCTTCTCAT-1"
"1719","GCCTAGCTTCTCTA-1"
"1720","GCCTCAACCATGGT-1"
"1721","GCCTCAACTCTTTG-1"
"1722","GCCTCATGTCTTAC-1"
"1723","GCCTGACTCTCAAG-1"
"1724","GCGAAGGAACTCTT-1"
"1725","GCGAAGGATGCCAA-1"
"1726","GCGAGAGAGGGACA-1"
"1727","GCGAGCACTGTCGA-1"
"1728","GCGAGCACTTGACG-1"
"1729","GCGAGCACTTGCTT-1"
"1730","GCGATATGGTACGT-1"
"1731","GCGATATGGTGTTG-1"
"1732","GCGCACGAAGTCGT-1"
"1733","GCGCACGACTTTAC-1"
"1734","GCGCATCTAGGTCT-1"
"1735","GCGCATCTGGTTAC-1"
"1736","GCGCATCTTCGATG-1"
"1737","GCGCATCTTGCTCC-1"
"1738","GCGCATCTTTCTAC-1"
"1739","GCGCGAACGTTCTT-1"
"1740","GCGCGATGAACGGG-1"
"1741","GCGCGATGGTGCAT-1"
"1742","GCGGAGCTCCTGAA-1"
"1743","GCGGCAACCCGATA-1"
"1744","GCGGCAACGGAGGT-1"
"1745","GCGGCAACTGTCGA-1"
"1746","GCGTAAACACGGTT-1"
"1747","GCGTAATGCACCAA-1"
"1748","GCGTATGAACACCA-1"
"1749","GCGTATGATGAGAA-1"
"1750","GCTACAGAAAGGTA-1"
"1751","GCTACAGAATCTTC-1"
"1752","GCTACCTGAGAAGT-1"
"1753","GCTACCTGATCACG-1"
"1754","GCTACGCTAGAATG-1"
"1755","GCTACGCTAGCTAC-1"
"1756","GCTACGCTCCCTAC-1"
"1757","GCTAGAACAGAGGC-1"
"1758","GCTAGAACGGATCT-1"
"1759","GCTAGAACTCCCGT-1"
"1760","GCTAGATGAGCTCA-1"
"1761","GCTAGATGGCGATT-1"
"1762","GCTATACTAAGGCG-1"
"1763","GCTATACTAGCGTT-1"
"1764","GCTATACTCTCTTA-1"
"1765","GCTATACTGGACGA-1"
"1766","GCTCAAGAACCATG-1"
"1767","GCTCAAGAAGTCAC-1"
"1768","GCTCAGCTGTCTAG-1"
"1769","GCTCCATGAGAAGT-1"
"1770","GCTCCATGCCGAAT-1"
"1771","GCTCGACTCTAGTG-1"
"1772","GCTGATGAGGTATC-1"
"1773","GCTTAACTACAGTC-1"
"1774","GCTTAACTACTGGT-1"
"1775","GCTTAACTGCTGAT-1"
"1776","GCTTAACTTAGACC-1"
"1777","GCTTAACTTCAGTG-1"
"1778","GGAACACTCACTTT-1"
"1779","GGAACACTTCAGAC-1"
"1780","GGAACTACTACTTC-1"
"1781","GGAACTTGAAGGTA-1"
"1782","GGAACTTGAGAATG-1"
"1783","GGAACTTGCTCCAC-1"
"1784","GGAACTTGGGTAGG-1"
"1785","GGAAGGACATCGGT-1"
"1786","GGAAGGACCACTAG-1"
"1787","GGAAGGACGAGGGT-1"
"1788","GGAAGGACGCGAAG-1"
"1789","GGAAGGTGGCGAGA-1"
"1790","GGAATCTGAAGGGC-1"
"1791","GGAATCTGAGGAGC-1"
"1792","GGAATCTGCTTAGG-1"
"1793","GGAATCTGCTTGTT-1"
"1794","GGAATCTGGGAGGT-1"
"1795","GGAATGCTTTCTAC-1"
"1796","GGACAGGAAAGGGC-1"
"1797","GGACAGGAGTGCTA-1"
"1798","GGACAGGATCTCGC-1"
"1799","GGACCCGAAGCTAC-1"
"1800","GGACCGTGCTTACT-1"
"1801","GGACCGTGGGAACG-1"
"1802","GGACCGTGTAACGC-1"
"1803","GGACCTCTGTAAGA-1"
"1804","GGACCTCTTTTCTG-1"
"1805","GGACGAGAGTGTCA-1"
"1806","GGACGCTGACGCAT-1"
"1807","GGACGCTGCTAGCA-1"
"1808","GGACGCTGTCCTCG-1"
"1809","GGAGAGACGTGAGG-1"
"1810","GGAGCAGATTCAGG-1"
"1811","GGAGCCACCTTCTA-1"
"1812","GGAGCGCTACGCAT-1"
"1813","GGAGCGCTCCGAAT-1"
"1814","GGAGGATGCCACCT-1"
"1815","GGAGGATGGTTGAC-1"
"1816","GGAGGATGTCAGTG-1"
"1817","GGAGGCCTCGTTGA-1"
"1818","GGAGGCCTTTCTTG-1"
"1819","GGAGGTGATACGCA-1"
"1820","GGAGGTGATCGCTC-1"
"1821","GGATACTGCAGCTA-1"
"1822","GGATACTGTCTAGG-1"
"1823","GGATAGCTCGTCTC-1"
"1824","GGATAGCTCTGAAC-1"
"1825","GGATGTACCAAAGA-1"
"1826","GGATGTACGCGAAG-1"
"1827","GGATGTACGTCTTT-1"
"1828","GGATGTACGTGTCA-1"
"1829","GGATTTCTAGGTTC-1"
"1830","GGATTTCTTTGTCT-1"
"1831","GGCAAGGAAAAAGC-1"
"1832","GGCAAGGAAGAAGT-1"
"1833","GGCAAGGACTTGGA-1"
"1834","GGCAAGGAGGACTT-1"
"1835","GGCAATACGCTAAC-1"
"1836","GGCAATACGGCATT-1"
"1837","GGCAATACGTTTCT-1"
"1838","GGCACGTGGCTTAG-1"
"1839","GGCACTCTTTTGTC-1"
"1840","GGCATATGCTTATC-1"
"1841","GGCATATGGGGAGT-1"
"1842","GGCATATGTGTGAC-1"
"1843","GGCCACGACAGAGG-1"
"1844","GGCCAGACTGGTTG-1"
"1845","GGCCCAGAAAGTAG-1"
"1846","GGCCGAACAACGAA-1"
"1847","GGCCGAACGCAGAG-1"
"1848","GGCCGAACGTAGGG-1"
"1849","GGCCGAACTCTAGG-1"
"1850","GGCCGATGCAGGAG-1"
"1851","GGCCGATGCCGAAT-1"
"1852","GGCCGATGTACTCT-1"
"1853","GGCGACACTGCCCT-1"
"1854","GGCGACTGCGTAAC-1"
"1855","GGCGCATGCCTAAG-1"
"1856","GGCGCATGCTCCAC-1"
"1857","GGCGCATGTGGAAA-1"
"1858","GGCGGACTAGAGGC-1"
"1859","GGCGGACTAGGAGC-1"
"1860","GGCGGACTCTGACA-1"
"1861","GGCGGACTCTTGGA-1"
"1862","GGCGGACTTACTGG-1"
"1863","GGCGGACTTGAACC-1"
"1864","GGCTAAACACCTGA-1"
"1865","GGCTAAACTCTTAC-1"
"1866","GGCTAATGAGCACT-1"
"1867","GGCTAATGGTCTAG-1"
"1868","GGCTCACTACTCAG-1"
"1869","GGGAACGAAGCTCA-1"
"1870","GGGAACGACACAAC-1"
"1871","GGGAACGAGTGTCA-1"
"1872","GGGAAGTGTTGAGC-1"
"1873","GGGACCACACGTTG-1"
"1874","GGGACCACAGAACA-1"
"1875","GGGACCACGAATAG-1"
"1876","GGGACCACGTCATG-1"
"1877","GGGACCACTCAAGC-1"
"1878","GGGACCACTCGTGA-1"
"1879","GGGACCACTGCATG-1"
"1880","GGGACCTGACCCTC-1"
"1881","GGGACCTGCTTGCC-1"
"1882","GGGACCTGTGGAGG-1"
"1883","GGGATGGACGACAT-1"
"1884","GGGATGGATACTTC-1"
"1885","GGGATGGATGGTTG-1"
"1886","GGGATTACGTCTAG-1"
"1887","GGGCAAGATGCATG-1"
"1888","GGGCACACGGTGAG-1"
"1889","GGGCACACGTTGCA-1"
"1890","GGGCAGCTTGGGAG-1"
"1891","GGGCAGCTTTTCTG-1"
"1892","GGGCCAACCTTGGA-1"
"1893","GGGCCAACGCGTTA-1"
"1894","GGGCCAACTACGCA-1"
"1895","GGGCCAACTCCAAG-1"
"1896","GGGCCATGATGGTC-1"
"1897","GGGCCATGTTGACG-1"
"1898","GGGTAACTCAGCTA-1"
"1899","GGGTAACTCTAGTG-1"
"1900","GGGTAACTCTGGAT-1"
"1901","GGGTTAACGTGCAT-1"
"1902","GGTAAAGAGCTAAC-1"
"1903","GGTACAACTGCAAC-1"
"1904","GGTACATGAAAGCA-1"
"1905","GGTACATGAGCTCA-1"
"1906","GGTACATGCGGTAT-1"
"1907","GGTACATGGTTACG-1"
"1908","GGTACATGTGGGAG-1"
"1909","GGTACTGAACTCTT-1"
"1910","GGTAGTACACCACA-1"
"1911","GGTAGTACACTAGC-1"
"1912","GGTAGTACCCTGTC-1"
"1913","GGTAGTACGCCATA-1"
"1914","GGTAGTACTGTCTT-1"
"1915","GGTATCGAGACAAA-1"
"1916","GGTATCGATGAACC-1"
"1917","GGTCAAACCAAAGA-1"
"1918","GGTCTAGAGAAACA-1"
"1919","GGTCTAGATAGCGT-1"
"1920","GGTGATACCGACTA-1"
"1921","GGTGATACGACTAC-1"
"1922","GGTGATACTGTTTC-1"
"1923","GGTGGAGAAACGGG-1"
"1924","GGTGGAGAAGTAGA-1"
"1925","GGTGGAGACAGATC-1"
"1926","GGTGGAGATCGATG-1"
"1927","GGTGGAGATCTCTA-1"
"1928","GGTGGAGATTACTC-1"
"1929","GGTTTACTACGCAT-1"
"1930","GTAACGTGACCTCC-1"
"1931","GTAACGTGATCGGT-1"
"1932","GTAACGTGCAGCTA-1"
"1933","GTAACGTGGTTGAC-1"
"1934","GTAAGCACAACGGG-1"
"1935","GTAAGCACTCATTC-1"
"1936","GTAAGCTGGTACCA-1"
"1937","GTAATAACCTTCTA-1"
"1938","GTAATAACGTTGTG-1"
"1939","GTACCCTGACAGTC-1"
"1940","GTACCCTGGAGCTT-1"
"1941","GTACCCTGTCCTTA-1"
"1942","GTACCCTGTGAACC-1"
"1943","GTACGTGAACGTTG-1"
"1944","GTACTTTGTCGACA-1"
"1945","GTAGACTGAGATGA-1"
"1946","GTAGACTGTATTCC-1"
"1947","GTAGCAACAGTCGT-1"
"1948","GTAGCAACCATTTC-1"
"1949","GTAGCAACGGTAGG-1"
"1950","GTAGCATGCACTCC-1"
"1951","GTAGCATGTAAGCC-1"
"1952","GTAGCCCTGACGTT-1"
"1953","GTAGCTGAAGCTAC-1"
"1954","GTAGCTGAATTCGG-1"
"1955","GTAGGTACACGGGA-1"
"1956","GTAGTGACCTCATT-1"
"1957","GTAGTGTGAGCGGA-1"
"1958","GTAGTGTGAGGCGA-1"
"1959","GTAGTGTGTGGTTG-1"
"1960","GTATCACTGGTAGG-1"
"1961","GTATCTACAGAAGT-1"
"1962","GTATCTACGACGAG-1"
"1963","GTATCTACGTTACG-1"
"1964","GTATTAGAAACAGA-1"
"1965","GTATTAGAGGTCTA-1"
"1966","GTATTCACACAGCT-1"
"1967","GTATTCACGGGTGA-1"
"1968","GTCAACGACACTGA-1"
"1969","GTCAACGAGTGTAC-1"
"1970","GTCAATCTACACCA-1"
"1971","GTCAATCTGTAGCT-1"
"1972","GTCAATCTTGTGGT-1"
"1973","GTCACCTGCCTCCA-1"
"1974","GTCACCTGTCCCGT-1"
"1975","GTCATACTAATCGC-1"
"1976","GTCATACTGCGATT-1"
"1977","GTCATACTTCGCCT-1"
"1978","GTCATACTTTACCT-1"
"1979","GTCATACTTTGACG-1"
"1980","GTCCAAGAAAAACG-1"
"1981","GTCCACTGACCTCC-1"
"1982","GTCCACTGGGTACT-1"
"1983","GTCCAGCTACGGGA-1"
"1984","GTCCCATGTGGTGT-1"
"1985","GTCGAATGAAGGCG-1"
"1986","GTCGACCTGAATGA-1"
"1987","GTCGACCTGTTCAG-1"
"1988","GTCGCACTTGAGAA-1"
"1989","GTCTAACTGGTCTA-1"
"1990","GTCTAGGAGCTTCC-1"
"1991","GTGAACACACTCTT-1"
"1992","GTGAACACTCAGGT-1"
"1993","GTGACCCTTAAGCC-1"
"1994","GTGATGACAAGTGA-1"
"1995","GTGATGACCTGAGT-1"
"1996","GTGATGACGGTTTG-1"
"1997","GTGATTCTCATTTC-1"
"1998","GTGATTCTCTCTCG-1"
"1999","GTGATTCTGGTTCA-1"
"2000","GTGATTCTGTCGAT-1"
"2001","GTGATTCTTAGCGT-1"
"2002","GTGCCACTCAGGAG-1"
"2003","GTGGATTGCACTAG-1"
"2004","GTGGATTGCGGAGA-1"
"2005","GTGGATTGTAACGC-1"
"2006","GTGTACGATCAGTG-1"
"2007","GTGTAGTGGGTACT-1"
"2008","GTGTATCTAGCCTA-1"
"2009","GTGTATCTAGTAGA-1"
"2010","GTGTATCTGTTACG-1"
"2011","GTGTCAGAAGCGTT-1"
"2012","GTTAAAACCGAGAG-1"
"2013","GTTAAATGCTCGAA-1"
"2014","GTTAAATGTCGACA-1"
"2015","GTTAACCTAGCTAC-1"
"2016","GTTAACCTTGCTTT-1"
"2017","GTTAGGTGCACTCC-1"
"2018","GTTAGGTGCCAGTA-1"
"2019","GTTAGGTGCCCAAA-1"
"2020","GTTAGGTGGAACTC-1"
"2021","GTTAGTCTAAGAAC-1"
"2022","GTTATAGAGGACAG-1"
"2023","GTTATGCTTTCATC-1"
"2024","GTTCAACTGGGACA-1"
"2025","GTTCAACTTATGCG-1"
"2026","GTTGACGAGCCCTT-1"
"2027","GTTGACGATATCGG-1"
"2028","GTTGAGTGGTCTTT-1"
"2029","GTTGAGTGTGCTTT-1"
"2030","GTTGATCTGGGACA-1"
"2031","GTTGATCTTTTCAC-1"
"2032","GTTGGATGTTTACC-1"
"2033","GTTGTACTATTCCT-1"
"2034","GTTGTACTTTTGGG-1"
"2035","GTTTAAGACCATGA-1"
"2036","GTTTAAGACTGTCC-1"
"2037","TAAACAACCAACCA-1"
"2038","TAAACAACGAATCC-1"
"2039","TAAAGACTCAGGAG-1"
"2040","TAAATCGATGAGGG-1"
"2041","TAACAATGTGCCCT-1"
"2042","TAACACCTTCGCTC-1"
"2043","TAACACCTTCGTAG-1"
"2044","TAACACCTTGTTTC-1"
"2045","TAACATGACACTAG-1"
"2046","TAACCGGACTTACT-1"
"2047","TAACGTCTCAACCA-1"
"2048","TAACGTCTCATTGG-1"
"2049","TAACTAGAATTTCC-1"
"2050","TAACTAGACTTAGG-1"
"2051","TAACTAGATCTGGA-1"
"2052","TAACTCACGAGGAC-1"
"2053","TAACTCACGTACAC-1"
"2054","TAACTCACGTATCG-1"
"2055","TAACTCACTCTACT-1"
"2056","TAAGAACTGTGTCA-1"
"2057","TAAGAGGACTAAGC-1"
"2058","TAAGAGGACTTGTT-1"
"2059","TAAGATACGGTTCA-1"
"2060","TAAGATTGCGTAGT-1"
"2061","TAAGATTGTTGCTT-1"
"2062","TAAGCGTGAGGTTC-1"
"2063","TAAGCGTGGACAAA-1"
"2064","TAAGCGTGGGAAAT-1"
"2065","TAAGCGTGTGCTCC-1"
"2066","TAAGGCTGCCATGA-1"
"2067","TAAGGCTGCTGCTC-1"
"2068","TAAGGCTGTCTCGC-1"
"2069","TAAGGGCTGCTGTA-1"
"2070","TAAGGGCTTTACTC-1"
"2071","TAAGTAACCGAGAG-1"
"2072","TAAGTAACCTCCAC-1"
"2073","TAAGTAACCTGTAG-1"
"2074","TAAGTAACTTGTCT-1"
"2075","TAATGATGAGCGGA-1"
"2076","TAATGCCTCATGAC-1"
"2077","TAATGCCTCGTCTC-1"
"2078","TAATGTGAAGATGA-1"
"2079","TAATGTGACTGCAA-1"
"2080","TAATGTGATTACTC-1"
"2081","TACAAATGGGTACT-1"
"2082","TACAATGAAAACAG-1"
"2083","TACAATGACTTAGG-1"
"2084","TACAATGATGCTAG-1"
"2085","TACACACTCACACA-1"
"2086","TACACACTCTTACT-1"
"2087","TACATAGAACGCAT-1"
"2088","TACATCACACGGGA-1"
"2089","TACATCACCTGTTT-1"
"2090","TACATCACGCTAAC-1"
"2091","TACATCACTGAACC-1"
"2092","TACCATTGAGGTTC-1"
"2093","TACCATTGCGGGAA-1"
"2094","TACCATTGGGGATG-1"
"2095","TACCATTGTGAGGG-1"
"2096","TACCGGCTGTTGGT-1"
"2097","TACGAGTGATCTCT-1"
"2098","TACGAGTGATGCTG-1"
"2099","TACGAGTGCGGAGA-1"
"2100","TACGAGTGGTTGGT-1"
"2101","TACGATCTAGTGTC-1"
"2102","TACGATCTCACTGA-1"
"2103","TACGATCTTACGAC-1"
"2104","TACGCAGAGAATCC-1"
"2105","TACGCCACATTCCT-1"
"2106","TACGCCACTCCCAC-1"
"2107","TACGCCACTCCGAA-1"
"2108","TACGGAACGCGTTA-1"
"2109","TACGGCCTGGGACA-1"
"2110","TACGTACTACGGAG-1"
"2111","TACGTACTCAGTTG-1"
"2112","TACGTACTCCCGTT-1"
"2113","TACGTTACAGAAGT-1"
"2114","TACGTTACCAAGCT-1"
"2115","TACTAAGAAAGGTA-1"
"2116","TACTAAGAATCACG-1"
"2117","TACTAAGATGATGC-1"
"2118","TACTAAGATTGCGA-1"
"2119","TACTACACGAGAGC-1"
"2120","TACTACACTTACCT-1"
"2121","TACTACTGAACCTG-1"
"2122","TACTACTGATGTCG-1"
"2123","TACTACTGATTCTC-1"
"2124","TACTACTGTATGGC-1"
"2125","TACTCAACGGTCTA-1"
"2126","TACTCAACTGCTAG-1"
"2127","TACTCCCTCAGTTG-1"
"2128","TACTCTGAATCGAC-1"
"2129","TACTCTGACGAGTT-1"
"2130","TACTCTGATTGACG-1"
"2131","TACTGGGATCGATG-1"
"2132","TACTGTTGAAAGCA-1"
"2133","TACTGTTGAGGCGA-1"
"2134","TACTGTTGCTGAAC-1"
"2135","TACTTGACTCCTCG-1"
"2136","TACTTGACTGGTGT-1"
"2137","TACTTTCTTTTGGG-1"
"2138","TAGAAACTAATCGC-1"
"2139","TAGAAACTGCTTCC-1"
"2140","TAGAAACTGGGATG-1"
"2141","TAGAATTGCGACAT-1"
"2142","TAGAATTGTATCGG-1"
"2143","TAGACGTGCTTGAG-1"
"2144","TAGACGTGTCGCTC-1"
"2145","TAGAGCACCTTACT-1"
"2146","TAGATTGACTTGTT-1"
"2147","TAGATTGAGGCATT-1"
"2148","TAGCATCTCAGCTA-1"
"2149","TAGCATCTCCCTCA-1"
"2150","TAGCATCTGCTGTA-1"
"2151","TAGCATCTGGGACA-1"
"2152","TAGCATCTTGTCGA-1"
"2153","TAGCCCACAAAAGC-1"
"2154","TAGCCCACAGCCAT-1"
"2155","TAGCCCACAGCTAC-1"
"2156","TAGCCCACCCACAA-1"
"2157","TAGCCCTGCGGAGA-1"
"2158","TAGCCGCTTACGAC-1"
"2159","TAGCCGCTTACTTC-1"
"2160","TAGCCGCTTTCCAT-1"
"2161","TAGCTACTGAATAG-1"
"2162","TAGCTACTGTAGCT-1"
"2163","TAGCTACTTTTGCT-1"
"2164","TAGGACTGTGCTGA-1"
"2165","TAGGAGCTAAGGCG-1"
"2166","TAGGAGCTGAGGGT-1"
"2167","TAGGAGCTTGCATG-1"
"2168","TAGGCAACCGTCTC-1"
"2169","TAGGCATGCTCTCG-1"
"2170","TAGGCATGGCGAGA-1"
"2171","TAGGCTGATGCCTC-1"
"2172","TAGGGACTGAACTC-1"
"2173","TAGGTCGACACTGA-1"
"2174","TAGGTCGAGGATCT-1"
"2175","TAGGTGACACACTG-1"
"2176","TAGGTGACACGTTG-1"
"2177","TAGGTGTGTTCTGT-1"
"2178","TAGGTTCTGAAGGC-1"
"2179","TAGGTTCTTCTTAC-1"
"2180","TAGGTTCTTGCTGA-1"
"2181","TAGTAAACCTCGCT-1"
"2182","TAGTAAACGTCACA-1"
"2183","TAGTAATGAGATCC-1"
"2184","TAGTACCTAAGAAC-1"
"2185","TAGTATGATCTTAC-1"
"2186","TAGTATGATTCTCA-1"
"2187","TAGTCTTGGCTGTA-1"
"2188","TAGTCTTGGGACTT-1"
"2189","TAGTCTTGTGGAAA-1"
"2190","TAGTGGTGAAGTGA-1"
"2191","TAGTTAGAACCACA-1"
"2192","TAGTTAGATGAACC-1"
"2193","TATAAGACAACAGA-1"
"2194","TATAAGACAGCTCA-1"
"2195","TATAAGTGACACCA-1"
"2196","TATAAGTGTATCGG-1"
"2197","TATAAGTGTGGTGT-1"
"2198","TATACAGAACCCTC-1"
"2199","TATACAGAAGAACA-1"
"2200","TATACAGATCCAGA-1"
"2201","TATACCACCTGATG-1"
"2202","TATACGCTACCAAC-1"
"2203","TATAGATGGACGGA-1"
"2204","TATAGATGTTCCGC-1"
"2205","TATCCAACCAGCTA-1"
"2206","TATCCAACTCTCTA-1"
"2207","TATCGACTACTAGC-1"
"2208","TATCGACTCGATAC-1"
"2209","TATCGTACAGATGA-1"
"2210","TATCGTACATTCCT-1"
"2211","TATCTCGAGAGATA-1"
"2212","TATCTGACAGGTTC-1"
"2213","TATCTGACTGTTTC-1"
"2214","TATCTTCTAAACAG-1"
"2215","TATGAATGGAGGAC-1"
"2216","TATGAATGTTTGCT-1"
"2217","TATGCGGATAACCG-1"
"2218","TATGGGTGCATCAG-1"
"2219","TATGGGTGCTAGCA-1"
"2220","TATGGTCTCTACCC-1"
"2221","TATGTCACGGAACG-1"
"2222","TATGTCACTAACCG-1"
"2223","TATGTCACTTCTCA-1"
"2224","TATGTGCTCCGATA-1"
"2225","TATGTGCTGGATTC-1"
"2226","TATTGCTGAAGAAC-1"
"2227","TATTGCTGCCGTTC-1"
"2228","TATTGCTGTCTGGA-1"
"2229","TATTGCTGTGCACA-1"
"2230","TATTTCCTATTGGC-1"
"2231","TATTTCCTGGAGGT-1"
"2232","TATTTCCTGGTGTT-1"
"2233","TCAACACTGTTTGG-1"
"2234","TCAAGGACAGCGTT-1"
"2235","TCAAGGACATTCTC-1"
"2236","TCAAGGACGGTGTT-1"
"2237","TCAATCACACTCTT-1"
"2238","TCAATCACAGTCGT-1"
"2239","TCACAACTATGTGC-1"
"2240","TCACAACTTTGCTT-1"
"2241","TCACATACACTTTC-1"
"2242","TCACATACAGGGTG-1"
"2243","TCACCCGAGACGGA-1"
"2244","TCACCGTGCTCGCT-1"
"2245","TCACCTCTACGACT-1"
"2246","TCACCTCTTCCAAG-1"
"2247","TCACGAGAGGAGGT-1"
"2248","TCACTATGGGGCAA-1"
"2249","TCACTATGGTTGTG-1"
"2250","TCAGACGACGCTAA-1"
"2251","TCAGACGACGTTAG-1"
"2252","TCAGAGACTCCAGA-1"
"2253","TCAGCAGACTCCAC-1"
"2254","TCAGCGCTCTAGTG-1"
"2255","TCAGCGCTGGATCT-1"
"2256","TCAGCGCTGGTATC-1"
"2257","TCAGGATGAAGTAG-1"
"2258","TCAGGATGCCTTTA-1"
"2259","TCAGTGGAAGATCC-1"
"2260","TCAGTTACCTACGA-1"
"2261","TCAGTTACTAGAAG-1"
"2262","TCATCAACCCGATA-1"
"2263","TCATCAACTGTTCT-1"
"2264","TCATCATGCAGTTG-1"
"2265","TCATCCCTTACTGG-1"
"2266","TCATTCGATACAGC-1"
"2267","TCCACGTGGAAACA-1"
"2268","TCCACTCTACACTG-1"
"2269","TCCACTCTGAGCTT-1"
"2270","TCCACTCTTACTTC-1"
"2271","TCCATAACAAAGTG-1"
"2272","TCCATAACCGTAGT-1"
"2273","TCCATAACGATGAA-1"
"2274","TCCATAACTACGCA-1"
"2275","TCCATCCTCCCTAC-1"
"2276","TCCCACGATCATTC-1"
"2277","TCCCATCTCAAAGA-1"
"2278","TCCCGAACACAGTC-1"
"2279","TCCCGAACTTCGCC-1"
"2280","TCCCGATGAGATCC-1"
"2281","TCCCGATGCCTGAA-1"
"2282","TCCCTACTCAACTG-1"
"2283","TCCGAAGACAATCG-1"
"2284","TCCGAAGACGTTAG-1"
"2285","TCCGGACTGAGGTG-1"
"2286","TCCGGACTGTACGT-1"
"2287","TCCTAAACATCGAC-1"
"2288","TCCTAAACCGAGAG-1"
"2289","TCCTAAACCGCATA-1"
"2290","TCCTAATGGTTTGG-1"
"2291","TCCTACCTGTCGTA-1"
"2292","TCCTATGAAAAGCA-1"
"2293","TCGAATCTCTGGTA-1"
"2294","TCGACCTGCCGATA-1"
"2295","TCGACGCTTCTATC-1"
"2296","TCGACGCTTTGACG-1"
"2297","TCGAGAACGACAGG-1"
"2298","TCGAGAACGTTAGC-1"
"2299","TCGAGCCTATCAGC-1"
"2300","TCGAGCCTGCGAGA-1"
"2301","TCGAGCCTTGTGAC-1"
"2302","TCGATACTATTCCT-1"
"2303","TCGATACTTGCACA-1"
"2304","TCGATTTGATGCCA-1"
"2305","TCGATTTGCACTCC-1"
"2306","TCGATTTGCAGCTA-1"
"2307","TCGATTTGCCTACC-1"
"2308","TCGATTTGTCGTGA-1"
"2309","TCGCAGCTAGATCC-1"
"2310","TCGCCATGAGACTC-1"
"2311","TCGCCATGTGGTCA-1"
"2312","TCGGACCTAACAGA-1"
"2313","TCGGACCTATAAGG-1"
"2314","TCGGACCTGTACAC-1"
"2315","TCGGTAGAGTAGGG-1"
"2316","TCGGTAGATCCCAC-1"
"2317","TCGTAGGATCGACA-1"
"2318","TCGTTATGGACAAA-1"
"2319","TCTAACACCAGTTG-1"
"2320","TCTAACACGAGCAG-1"
"2321","TCTAACTGAACCAC-1"
"2322","TCTAAGCTAATGCC-1"
"2323","TCTAAGCTTAGTCG-1"
"2324","TCTAAGCTTCTAGG-1"
"2325","TCTAAGCTTGTTCT-1"
"2326","TCTAAGCTTTCGCC-1"
"2327","TCTACAACGACTAC-1"
"2328","TCTAGACTTAGAAG-1"
"2329","TCTAGTTGCACCAA-1"
"2330","TCTATGTGAAGAGT-1"
"2331","TCTATGTGAGTCTG-1"
"2332","TCTCAAACCTAAGC-1"
"2333","TCTCTAGAATTTCC-1"
"2334","TCTGATACACGTGT-1"
"2335","TCTGATACTCGCCT-1"
"2336","TCTTACGAACCTGA-1"
"2337","TCTTCAGAGCTACA-1"
"2338","TCTTGATGCGGAGA-1"
"2339","TGAAATTGGTGAGG-1"
"2340","TGAACCGAAAACGA-1"
"2341","TGAACCGACTACTT-1"
"2342","TGAACCGATTCGGA-1"
"2343","TGAAGCACTCACGA-1"
"2344","TGAAGCTGAACGAA-1"
"2345","TGAAGCTGCATGGT-1"
"2346","TGAAGCTGCGTAAC-1"
"2347","TGAATAACCACTTT-1"
"2348","TGAATAACTCCCAC-1"
"2349","TGACACGACCTTAT-1"
"2350","TGACCAGACAACCA-1"
"2351","TGACCAGAGGATTC-1"
"2352","TGACCGCTAAAAGC-1"
"2353","TGACCGCTCTGCAA-1"
"2354","TGACGATGCAAAGA-1"
"2355","TGACGCCTGTACCA-1"
"2356","TGACGCCTTTACTC-1"
"2357","TGACTGGAAGAGAT-1"
"2358","TGACTGGACCGTAA-1"
"2359","TGACTGGACGCAAT-1"
"2360","TGACTGGAGGACAG-1"
"2361","TGACTGGATTCTCA-1"
"2362","TGACTTACACACCA-1"
"2363","TGACTTACAGTCTG-1"
"2364","TGACTTTGCGCATA-1"
"2365","TGACTTTGTTTGTC-1"
"2366","TGAGACACAAGGTA-1"
"2367","TGAGACACTCAAGC-1"
"2368","TGAGCTGAATGCTG-1"
"2369","TGAGCTGACTGGAT-1"
"2370","TGAGCTGATGCTAG-1"
"2371","TGAGGACTCTCATT-1"
"2372","TGAGGACTTCATTC-1"
"2373","TGAGGTACGAACCT-1"
"2374","TGAGTCGAGTTACG-1"
"2375","TGAGTGACTGAGCT-1"
"2376","TGATAAACGAATCC-1"
"2377","TGATAAACTCCGTC-1"
"2378","TGATAAACTTTCAC-1"
"2379","TGATACCTCACTAG-1"
"2380","TGATACCTGTTGGT-1"
"2381","TGATACCTTATGCG-1"
"2382","TGATACCTTGAAGA-1"
"2383","TGATATGAACCTTT-1"
"2384","TGATCACTAGCATC-1"
"2385","TGATCACTCTCGCT-1"
"2386","TGATCACTTCTACT-1"
"2387","TGATCGGACTGACA-1"
"2388","TGATCGGAGGAGCA-1"
"2389","TGATCGGATATGCG-1"
"2390","TGATTAGACATTGG-1"
"2391","TGATTAGATGACTG-1"
"2392","TGATTAGATGCTAG-1"
"2393","TGATTCACTATGCG-1"
"2394","TGATTCACTGTCAG-1"
"2395","TGATTCTGCCGAAT-1"
"2396","TGATTCTGCTCTTA-1"
"2397","TGCAAGTGAGAACA-1"
"2398","TGCAAGTGGGTAGG-1"
"2399","TGCAATCTTCAGGT-1"
"2400","TGCACAGACGACAT-1"
"2401","TGCCAAGAGCAGTT-1"
"2402","TGCCAAGATCTCTA-1"
"2403","TGCCACTGAACGTC-1"
"2404","TGCCACTGCGATAC-1"
"2405","TGCCAGCTTGGCAT-1"
"2406","TGCCCAACAGCAAA-1"
"2407","TGCCCAACCGCATA-1"
"2408","TGCCGACTCTCCCA-1"
"2409","TGCGAAACAGTCAC-1"
"2410","TGCGAAACGTTGCA-1"
"2411","TGCGATGAACGGTT-1"
"2412","TGCGATGACCTCGT-1"
"2413","TGCGATGACTAGTG-1"
"2414","TGCGATGACTGCTC-1"
"2415","TGCGATGACTTGCC-1"
"2416","TGCGATGAGTGCTA-1"
"2417","TGCGCACTCTTGAG-1"
"2418","TGCGTAGAATAAGG-1"
"2419","TGCGTAGACGGGAA-1"
"2420","TGCGTAGATGGTCA-1"
"2421","TGCTAGGAAACCGT-1"
"2422","TGCTAGGATAGTCG-1"
"2423","TGCTATACGGTTCA-1"
"2424","TGCTATACTGCTGA-1"
"2425","TGCTGAGAGAGCAG-1"
"2426","TGCTGAGATTATCC-1"
"2427","TGGAAAGACTCTCG-1"
"2428","TGGAAAGAGCGATT-1"
"2429","TGGAAAGAGGTCAT-1"
"2430","TGGAAAGATATGGC-1"
"2431","TGGAACACAAACAG-1"
"2432","TGGAACACGCTAAC-1"
"2433","TGGAAGCTCAGATC-1"
"2434","TGGACCCTACACTG-1"
"2435","TGGACCCTCATGGT-1"
"2436","TGGACCCTGGTACT-1"
"2437","TGGACTGAGTATGC-1"
"2438","TGGAGACTATCAGC-1"
"2439","TGGAGACTTCAAGC-1"
"2440","TGGAGACTTGACCA-1"
"2441","TGGAGGGACGGAGA-1"
"2442","TGGAGGGAGCTATG-1"
"2443","TGGATCGATAAAGG-1"
"2444","TGGATGTGACCTAG-1"
"2445","TGGATGTGTGAAGA-1"
"2446","TGGATTCTCATACG-1"
"2447","TGGCAATGCTTGTT-1"
"2448","TGGCACCTTCACGA-1"
"2449","TGGCACCTTCAGTG-1"
"2450","TGGGTATGAAGAGT-1"
"2451","TGGGTATGCACAAC-1"
"2452","TGGGTATGGTACGT-1"
"2453","TGGGTATGTTTGGG-1"
"2454","TGGTAGACATGCCA-1"
"2455","TGGTAGACCCTCAC-1"
"2456","TGGTAGACCTGATG-1"
"2457","TGGTAGTGCACTGA-1"
"2458","TGGTATCTAAACAG-1"
"2459","TGGTATCTCTTCCG-1"
"2460","TGGTCAGACCCAAA-1"
"2461","TGGTTACTGACGTT-1"
"2462","TGGTTACTGTTCTT-1"
"2463","TGTAACCTAGAGGC-1"
"2464","TGTAACCTTGCCTC-1"
"2465","TGTAATGACACAAC-1"
"2466","TGTAATGAGGTAAA-1"
"2467","TGTACTTGCTCTAT-1"
"2468","TGTAGGTGCGAGAG-1"
"2469","TGTAGGTGCTATGG-1"
"2470","TGTAGGTGCTCTAT-1"
"2471","TGTAGGTGTGCTGA-1"
"2472","TGTAGTCTTCCAGA-1"
"2473","TGTAGTCTTGCACA-1"
"2474","TGTATCTGTTAGGC-1"
"2475","TGTATGCTCATGGT-1"
"2476","TGTATGCTGTAGGG-1"
"2477","TGTATGCTTTCATC-1"
"2478","TGTCAGGAATACCG-1"
"2479","TGTCAGGAGATGAA-1"
"2480","TGTCTAACCCCTTG-1"
"2481","TGTGACGATTCTCA-1"
"2482","TGTGAGACTGTCAG-1"
"2483","TGTGAGACTTGAGC-1"
"2484","TGTGAGTGACCACA-1"
"2485","TGTGAGTGAGTGCT-1"
"2486","TGTGAGTGGAGATA-1"
"2487","TGTGATCTCTCTAT-1"
"2488","TGTGATCTGACACT-1"
"2489","TGTGGATGGCCAAT-1"
"2490","TGTTAAGACAAAGA-1"
"2491","TGTTAAGATAAGGA-1"
"2492","TGTTACACCGCATA-1"
"2493","TGTTACACGACTAC-1"
"2494","TGTTACTGGCTACA-1"
"2495","TGTTACTGTAGTCG-1"
"2496","TTAACCACCGTAAC-1"
"2497","TTAACCACTAAGGA-1"
"2498","TTAACCACTCAGAC-1"
"2499","TTACACACGTGTTG-1"
"2500","TTACACACTCCTAT-1"
"2501","TTACCATGAATCGC-1"
"2502","TTACCATGGTTGAC-1"
"2503","TTACCATGTGTCTT-1"
"2504","TTACCATGTTGTGG-1"
"2505","TTACGACTGAGAGC-1"
"2506","TTACGACTTGACAC-1"
"2507","TTACGTACGTTCAG-1"
"2508","TTACTCGAAGAATG-1"
"2509","TTACTCGACGCAAT-1"
"2510","TTACTCGAGGGTGA-1"
"2511","TTACTCGATCTACT-1"
"2512","TTAGAATGTGGTGT-1"
"2513","TTAGAATGTGTAGC-1"
"2514","TTAGACCTCCTACC-1"
"2515","TTAGACCTCCTTTA-1"
"2516","TTAGCTACAACCGT-1"
"2517","TTAGCTACTGTCCC-1"
"2518","TTAGCTACTTTCGT-1"
"2519","TTAGGGACGCGAAG-1"
"2520","TTAGGGTGCTGGAT-1"
"2521","TTAGGGTGTCCTGC-1"
"2522","TTAGGTCTACTTTC-1"
"2523","TTAGTCACCAGTTG-1"
"2524","TTAGTCTGAAAGCA-1"
"2525","TTAGTCTGCCAACA-1"
"2526","TTAGTCTGTGCACA-1"
"2527","TTATCCGACTAGTG-1"
"2528","TTATCCGAGAAAGT-1"
"2529","TTATGAGAGATAAG-1"
"2530","TTATGCACGTCACA-1"
"2531","TTATGGCTTATGGC-1"
"2532","TTATTCCTATGCTG-1"
"2533","TTATTCCTGGACAG-1"
"2534","TTATTCCTGGTACT-1"
"2535","TTATTCCTTCGTGA-1"
"2536","TTCAAAGATAAAGG-1"
"2537","TTCAACACAACAGA-1"
"2538","TTCAACACCCCAAA-1"
"2539","TTCAACACGGACGA-1"
"2540","TTCAAGCTAAGAAC-1"
"2541","TTCAAGCTAGATGA-1"
"2542","TTCAAGCTGTTGAC-1"
"2543","TTCAAGCTTGATGC-1"
"2544","TTCAAGCTTTCGCC-1"
"2545","TTCACAACCCGTTC-1"
"2546","TTCACAACGTCTGA-1"
"2547","TTCAGACTACCCAA-1"
"2548","TTCAGACTCTCGAA-1"
"2549","TTCAGTACCGACTA-1"
"2550","TTCAGTACTCAAGC-1"
"2551","TTCAGTACTCCTAT-1"
"2552","TTCAGTTGCCAAGT-1"
"2553","TTCAGTTGTCCTTA-1"
"2554","TTCAGTTGTCTAGG-1"
"2555","TTCAGTTGTCTCGC-1"
"2556","TTCATCGAGGTGGA-1"
"2557","TTCATGTGTGGTGT-1"
"2558","TTCATTCTATGTCG-1"
"2559","TTCATTCTTCTCTA-1"
"2560","TTCCAAACCTATGG-1"
"2561","TTCCAAACCTCCCA-1"
"2562","TTCCAAACTCCCAC-1"
"2563","TTCCAAACTTGACG-1"
"2564","TTCCATGACGAGAG-1"
"2565","TTCCATGACTGTCC-1"
"2566","TTCCCACTTGAGGG-1"
"2567","TTCCCACTTGTCTT-1"
"2568","TTCCTAGAAAGTGA-1"
"2569","TTCCTAGACTAGTG-1"
"2570","TTCGAGGACTCTAT-1"
"2571","TTCGAGGAGGGCAA-1"
"2572","TTCGAGGATAGAAG-1"
"2573","TTCGATTGAGCATC-1"
"2574","TTCGGAGAATGCCA-1"
"2575","TTCGGAGATGTGCA-1"
"2576","TTCGTATGAAAAGC-1"
"2577","TTCGTATGGATAGA-1"
"2578","TTCGTATGGTCTGA-1"
"2579","TTCGTATGTCCTTA-1"
"2580","TTCTACGAACGTAC-1"
"2581","TTCTACGAGTTGGT-1"
"2582","TTCTAGTGACACGT-1"
"2583","TTCTAGTGCATGAC-1"
"2584","TTCTAGTGGAGAGC-1"
"2585","TTCTAGTGGTCACA-1"
"2586","TTCTCAGAAGAGAT-1"
"2587","TTCTCAGAAGCATC-1"
"2588","TTCTCAGATGGAGG-1"
"2589","TTCTGATGGAGACG-1"
"2590","TTCTTACTCTGGAT-1"
"2591","TTGAACCTCCTTGC-1"
"2592","TTGAATGAACTACG-1"
"2593","TTGAATGACTTACT-1"
"2594","TTGAATGATCTCAT-1"
"2595","TTGACACTCTGTAG-1"
"2596","TTGACACTGATAAG-1"
"2597","TTGAGGACAGAACA-1"
"2598","TTGAGGACTACGCA-1"
"2599","TTGAGGTGGACGGA-1"
"2600","TTGCATTGAGCTAC-1"
"2601","TTGCATTGCTAAGC-1"
"2602","TTGCATTGTGACTG-1"
"2603","TTGCTAACACCAAC-1"
"2604","TTGCTAACACGCTA-1"
"2605","TTGCTAACCACTCC-1"
"2606","TTGCTATGGTACGT-1"
"2607","TTGCTATGGTAGGG-1"
"2608","TTGGAGACCAATCG-1"
"2609","TTGGAGACGCTATG-1"
"2610","TTGGAGACTATGGC-1"
"2611","TTGGGAACTGAACC-1"
"2612","TTGGTACTACTGGT-1"
"2613","TTGGTACTCTTAGG-1"
"2614","TTGGTACTGAATCC-1"
"2615","TTGGTACTGGATTC-1"
"2616","TTGTACACGTTGTG-1"
"2617","TTGTACACTTGCAG-1"
"2618","TTGTAGCTAGCTCA-1"
"2619","TTGTAGCTCTCTTA-1"
"2620","TTGTCATGGACGGA-1"
"2621","TTTAGAGATCCTCG-1"
"2622","TTTAGCTGATACCG-1"
"2623","TTTAGCTGGATACC-1"
"2624","TTTAGCTGTACTCT-1"
"2625","TTTAGGCTCCTTTA-1"
"2626","TTTATCCTGTTGTG-1"
"2627","TTTCACGAGGTTCA-1"
"2628","TTTCAGTGGAAGGC-1"
"2629","TTTCAGTGTCACGA-1"
"2630","TTTCAGTGTCTATC-1"
"2631","TTTCAGTGTGCAGT-1"
"2632","TTTCCAGAGGTGAG-1"
"2633","TTTCGAACACCTGA-1"
"2634","TTTCGAACTCTCAT-1"
"2635","TTTCTACTGAGGCA-1"
"2636","TTTCTACTTCCTCG-1"
"2637","TTTGCATGAGAGGC-1"
"2638","TTTGCATGCCTCAC-1"
